brand,description,price,size,volume,classification,purchaseprice,vendornumber,vendorname
Rogers-Sanchez,Yet Product,21.8,Large,750,C,23.46,1096,"White, Miller and Woods"
"Cannon, Reynolds and Alvarado",Lose Product,7.87,Medium,1000,A,40.75,1058,Watkins Inc
Hopkins Ltd,Today Product,80.46,Small,500,B,67.15,1030,"Lin, Hamilton and Cole"
"Briggs, Morris and Weber",Life Product,32.94,Small,500,B,70.17,1050,Christian Ltd
Hansen Inc,Note Product,24.63,Small,500,B,55.46,1061,Miles-Vargas
Burns and Sons,Name Product,90.5,Medium,250,C,43.31,1073,Kent Ltd
Bennett-Collins,Give Product,28.54,Small,750,A,66.12,1044,Mcdaniel PLC
"Shannon, Lee and Noble",Country Product,76.81,Large,250,A,74.94,1097,"Garrett, Randall and Miller"
Patterson Inc,Win Product,40.65,Small,1000,C,27.9,1099,"Williams, Wright and Waller"
Quinn-Tran,Stay Product,99.22,Medium,1000,A,4.14,1076,Crawford-Carter
"Dalton, Sanders and Cantrell",Image Product,20.6,Medium,750,B,10.45,1015,Wilkerson-Lee
Ray Ltd,Attorney Product,53.78,Large,1000,A,66.81,1084,"Tucker, Evans and Watts"
Brown Inc,Maintain Product,45.65,Medium,250,C,8.29,1006,Thompson-Cooper
Murphy-Gardner,I Product,64.48,Large,1000,A,60.55,1045,Banks-King
Martinez-Giles,Contain Product,98.47,Small,250,C,39.14,1027,Moss-Jackson
"Wright, Winters and Dominguez",Stop Product,51.31,Medium,500,A,45.18,1042,Jones-Roy
Vasquez-Velasquez,Despite Product,44.5,Small,1000,A,72.11,1091,"Chen, Peterson and Hawkins"
Gomez-Moran,Write Product,22.9,Small,250,B,72.95,1096,"White, Miller and Woods"
Hopkins Ltd,Condition Product,24.33,Medium,1000,B,37.42,1031,Watson and Sons
"Hernandez, Morrison and Villanueva",Realize Product,50.44,Large,1000,B,68.68,1015,Wilkerson-Lee
Johnson PLC,True Product,25.85,Medium,500,A,50.59,1040,Gregory-Hamilton
"Atkinson, Osborn and Hamilton",Easy Product,77.27,Small,750,A,26.39,1097,"Garrett, Randall and Miller"
Bennett-Collins,First Product,71.63,Medium,250,B,69.62,1072,"Moore, Watts and Nelson"
Brock Group,Those Product,94.88,Small,250,C,9.32,1027,Moss-Jackson
"Jennings, Davis and Newman",Expect Product,93.55,Medium,250,C,24.9,1074,Warner PLC
Hunt-Tucker,Situation Product,48.2,Medium,500,B,37.83,1073,Kent Ltd
Dawson Inc,Contain Product,27.35,Small,500,C,25.51,1052,West PLC
Vasquez-Velasquez,Capital Product,18.49,Small,250,A,32.84,1009,Phelps-Hawkins
West-Hernandez,Participant Product,47.12,Large,1000,A,51.95,1022,Robertson Group
Hopkins Ltd,Food Product,98.19,Small,250,A,7.77,1068,"Martin, Ramsey and Clark"
Harris-Lindsey,Skin Product,19.34,Large,750,B,68.76,1045,Banks-King
Kirk-Perry,Reason Product,44.15,Small,1000,C,39.76,1056,Ramos LLC
Roberts and Sons,Discussion Product,42.27,Medium,250,C,68.7,1027,Moss-Jackson
Davis-Vasquez,Line Product,11.78,Small,750,C,49.88,1006,Thompson-Cooper
"Stone, Campbell and Robbins",Involve Product,33.81,Large,1000,B,30.29,1051,"Galloway, Mason and White"
Brown Inc,Us Product,71.04,Medium,250,C,71.01,1001,"Hart, Harris and Kent"
"Williamson, Holden and Sims",Card Product,16.54,Small,500,C,33.54,1064,"Gonzalez, Matthews and Zimmerman"
Obrien-Thompson,Heart Product,73.05,Small,750,B,31.4,1045,Banks-King
Kim-Gonzalez,Up Product,88.55,Medium,250,C,56.27,1007,Gill-Jones
"Vasquez, Morris and Ramos",Remain Product,23.97,Medium,750,C,66.5,1035,Riggs-Ramirez
Best Group,Hotel Product,39.78,Medium,250,A,48.31,1013,Leonard-White
Price Group,Garden Product,22.96,Medium,1000,B,12.31,1071,Conley-Baldwin
Mahoney and Sons,Trip Product,44.14,Medium,750,C,44.92,1064,"Gonzalez, Matthews and Zimmerman"
Perkins-Roberts,Others Product,44.74,Large,750,A,10.8,1087,Bryant-Thompson
"Dunn, Martinez and Brandt",Billion Product,79.48,Large,500,A,32.14,1052,West PLC
Wright Group,Skin Product,75.4,Small,250,C,52.16,1025,Larson LLC
"Tucker, Jones and Hart",Push Product,92.64,Small,750,B,14.21,1064,"Gonzalez, Matthews and Zimmerman"
Austin PLC,Use Product,42.77,Medium,250,C,54.65,1084,"Tucker, Evans and Watts"
"Massey, Lewis and Walter",Plant Product,79.21,Small,750,C,22.15,1089,Harrison PLC
Davis-Reyes,Red Product,48.92,Medium,1000,B,11.13,1052,West PLC
"Smith, Davis and Lopez",With Product,90.49,Small,1000,A,66.91,1006,Thompson-Cooper
Perez-Johnson,Debate Product,5.45,Medium,500,B,70.75,1087,Bryant-Thompson
Thornton PLC,Several Product,28.65,Large,1000,B,35.5,1019,Ball LLC
"Jones, Martinez and Taylor",During Product,24.02,Medium,1000,C,57.94,1089,Harrison PLC
Morales-Knox,Offer Product,20.42,Medium,500,A,48.07,1022,Robertson Group
Dawson Inc,Serve Product,5.13,Small,750,A,45.1,1070,Scott-Lopez
"Walker, Maddox and Clayton",Resource Product,64.52,Large,750,C,68.62,1079,"Smith, Frye and Edwards"
"Walker, Zimmerman and Williams",Term Product,82.42,Large,750,A,73.49,1048,"Glenn, Hopkins and Davis"
Dunlap Ltd,Skin Product,22.55,Small,1000,C,20.03,1029,Morales Ltd
Hansen Inc,Career Product,45.51,Medium,250,A,62.96,1039,"Vega, Meyers and Crawford"
Kirk-Perry,Trip Product,29.91,Large,1000,A,20.58,1012,Williams and Sons
Cook-Johnson,Join Product,99.71,Large,750,C,33.85,1031,Watson and Sons
"Turner, Armstrong and Fernandez",Year Product,9.64,Medium,750,B,14.34,1074,Warner PLC
Long Ltd,Reveal Product,97.47,Medium,1000,C,67.27,1014,Chapman-Welch
"Harris, Clark and Matthews",Behind Product,67.77,Medium,1000,C,39.73,1045,Banks-King
Thomas LLC,Fall Product,32.78,Small,250,A,5.23,1074,Warner PLC
Sullivan-Hubbard,Once Product,94.09,Medium,500,A,14.73,1066,Murray LLC
Mahoney and Sons,Detail Product,86.94,Large,500,A,13.12,1038,Smith-Hopkins
"Cannon, Reynolds and Alvarado",On Product,5.76,Large,250,A,5.15,1015,Wilkerson-Lee
Roy Group,Beat Product,64.9,Medium,750,A,35.31,1042,Jones-Roy
Archer PLC,Than Product,36.59,Large,250,B,28.33,1020,Schwartz-James
Edwards LLC,National Product,80.58,Large,750,C,65.37,1099,"Williams, Wright and Waller"
Lyons PLC,Reason Product,5.46,Large,750,B,25.76,1007,Gill-Jones
Vasquez-Velasquez,Often Product,65.84,Small,1000,C,70.06,1074,Warner PLC
"Smith, Davis and Wright",Stop Product,96.71,Large,750,B,37.56,1043,Leach LLC
"Kent, Arias and Smith",Often Product,21.69,Small,1000,C,18.41,1066,Murray LLC
Mcpherson and Sons,Lose Product,36.14,Large,500,B,31.86,1048,"Glenn, Hopkins and Davis"
"Hernandez, Davis and Williams",Little Product,60.11,Small,250,B,22.1,1007,Gill-Jones
Long Ltd,Beat Product,59.07,Large,750,C,3.99,1033,Hughes Ltd
"Bush, Reyes and Fox",Example Product,58.64,Medium,1000,C,26.94,1003,Anthony-Hurley
"Garza, Perkins and Clark",Together Product,68.59,Large,500,B,24.36,1031,Watson and Sons
Mcpherson and Sons,Marriage Product,39.02,Large,1000,A,62.68,1023,Alvarez Ltd
"Kelly, Smith and Aguilar",Accept Product,13.41,Medium,750,B,35.84,1067,Melendez Group
"Briggs, Morris and Weber",Large Product,95.11,Medium,1000,C,38.58,1079,"Smith, Frye and Edwards"
"Johnson, Moses and Johnson",Itself Product,30.58,Small,750,A,11.41,1035,Riggs-Ramirez
Bennett-Collins,Actually Product,12.88,Medium,500,A,23.49,1058,Watkins Inc
Patterson Inc,Hair Product,56.45,Medium,1000,A,40.46,1094,Barker PLC
Mahoney and Sons,Able Product,34.48,Small,750,C,76.36,1020,Schwartz-James
"Walker, Maddox and Clayton",Suggest Product,90.72,Medium,750,A,16.67,1002,"Martinez, Rodriguez and Cain"
Brown-Marshall,Seven Product,38.2,Small,750,A,73.95,1034,Stone-Cruz
"Wright, Winters and Dominguez",Everyone Product,24.56,Large,250,B,60.76,1015,Wilkerson-Lee
Day and Sons,Heavy Product,96.44,Large,1000,A,26.94,1072,"Moore, Watts and Nelson"
Brown-Marshall,Reveal Product,49.43,Small,500,A,69.59,1044,Mcdaniel PLC
Brown-Mann,Bring Product,58.6,Large,750,B,70.18,1066,Murray LLC
Morales-Knox,Choose Product,50.84,Small,250,A,69.48,1050,Christian Ltd
Davis-Vasquez,Level Product,54.33,Medium,1000,C,17.51,1044,Mcdaniel PLC
Russell and Sons,East Product,54.27,Small,750,C,35.14,1030,"Lin, Hamilton and Cole"
Davis-Reyes,Large Product,37.16,Medium,500,B,5.56,1055,Evans Ltd
Archer Group,College Product,50.59,Small,500,C,21.3,1011,Cordova-Leblanc
"Ellis, Scott and Johnson",Put Product,33.9,Medium,500,C,49.84,1098,Perez-Snyder
Estrada Inc,Degree Product,57.33,Large,250,C,37.94,1034,Stone-Cruz
"Walker, Zimmerman and Williams",Quickly Product,55.46,Medium,1000,B,55.5,1007,Gill-Jones
Pittman-Lucas,Apply Product,8.04,Medium,1000,C,5.32,1099,"Williams, Wright and Waller"
Knox Group,Participant Product,24.55,Medium,250,C,5.35,1045,Banks-King
Sullivan-Hubbard,Million Product,80.26,Medium,250,B,55.29,1034,Stone-Cruz
"Bradley, Baker and Mcneil",Determine Product,39.57,Small,1000,A,65.66,1027,Moss-Jackson
Dunlap Ltd,Occur Product,76.59,Large,1000,B,67.16,1032,James and Sons
Wagner Group,Career Product,26.79,Medium,750,C,56.95,1080,Brown Inc
"West, Reed and Berry",On Product,80.56,Large,1000,C,61.17,1052,West PLC
Austin PLC,Edge Product,40.3,Small,250,C,53.44,1061,Miles-Vargas
Long Ltd,Seven Product,50.47,Large,1000,A,13.62,1008,"Price, Gordon and Rangel"
Edwards Inc,Bag Product,19.31,Medium,500,B,18.49,1018,Rogers Group
Thomas and Sons,Effect Product,25.74,Large,750,C,33.55,1043,Leach LLC
Garner and Sons,Wife Product,74.75,Medium,500,B,40.36,1043,Leach LLC
"Shannon, Lee and Noble",Field Product,51.05,Medium,500,B,22.46,1079,"Smith, Frye and Edwards"
"Bush, Reyes and Fox",Apply Product,78.16,Small,1000,C,13.85,1009,Phelps-Hawkins
"Bradley, Baker and Mcneil",Party Product,75.46,Large,500,C,67.69,1011,Cordova-Leblanc
Williams-White,Or Product,78.87,Small,750,C,75.07,1051,"Galloway, Mason and White"
"Hancock, Peters and Holmes",System Product,75.82,Large,500,A,6.71,1074,Warner PLC
"Jennings, Davis and Newman",Cost Product,91.18,Large,250,A,50.25,1074,Warner PLC
"Turner, Armstrong and Fernandez",Type Product,14.89,Medium,250,A,32.34,1041,"Price, Valenzuela and Hammond"
Rogers-Sanchez,Bit Product,43.86,Medium,750,B,20.79,1017,Wheeler-Salinas
"Ruiz, Rodriguez and Lane",Training Product,10.42,Large,1000,A,68.03,1021,Harrison PLC
Shah-Parker,Think Product,48.45,Large,500,C,33.56,1034,Stone-Cruz
Short-Cook,Certain Product,17.2,Large,250,B,39.16,1043,Leach LLC
Gomez-Moran,Eye Product,46.69,Large,250,A,5.59,1060,Hurley-Torres
"Dunn, Martinez and Brandt",Goal Product,78.44,Small,750,A,4.71,1021,Harrison PLC
Gomez-Moran,My Product,22.95,Medium,250,B,3.98,1037,Rodriguez-Becker
Vasquez-Jackson,Really Product,55.35,Medium,1000,C,68.09,1070,Scott-Lopez
"Bush, Reyes and Fox",Small Product,32.17,Medium,750,B,21.94,1071,Conley-Baldwin
Mccullough Group,Agency Product,38.31,Small,1000,A,15.83,1077,Taylor-Dickerson
"Garza, Perkins and Clark",Trade Product,39.29,Medium,250,A,44.44,1094,Barker PLC
Obrien-Thompson,Join Product,45.06,Large,1000,B,75.15,1041,"Price, Valenzuela and Hammond"
Mercado-Jacobson,Strategy Product,36.83,Large,500,A,67.26,1050,Christian Ltd
Long and Sons,Central Product,51.79,Large,250,B,70.45,1066,Murray LLC
"Watkins, James and Page",Determine Product,95.45,Medium,500,A,14.76,1074,Warner PLC
"Smith, Davis and Wright",With Product,82.03,Medium,1000,A,43.47,1044,Mcdaniel PLC
Williamson Group,Order Product,13.96,Large,250,A,10.1,1043,Leach LLC
Combs Group,Grow Product,20.64,Large,500,A,27.84,1093,Rodriguez Group
Bennett-Collins,Law Product,33.71,Small,250,C,15.79,1004,"Jacobson, Hansen and Ramirez"
Phillips Inc,Whole Product,70.51,Medium,500,A,24.69,1063,Clark-Miller
"Neal, Frey and Ferguson",Minute Product,29.97,Large,250,A,61.2,1039,"Vega, Meyers and Crawford"
Bell Ltd,Result Product,53.14,Small,250,C,33.63,1081,Robinson-Yates
Reynolds-Hill,When Product,6.37,Small,250,C,8.7,1090,Smith Inc
Wagner Group,Member Product,97.31,Medium,250,C,19.77,1050,Christian Ltd
Roy Group,Dream Product,54.42,Large,1000,B,37.92,1062,Gutierrez PLC
Estrada Inc,Behavior Product,29.58,Small,500,B,39.23,1011,Cordova-Leblanc
"Neal, Frey and Ferguson",Market Product,40.65,Medium,750,A,24.59,1037,Rodriguez-Becker
Roy Group,Police Product,52.11,Medium,500,B,39.81,1078,Larson-Cole
Morales-Knox,Fight Product,84.39,Large,1000,A,16.84,1013,Leonard-White
Martinez-Giles,Everyone Product,88.32,Medium,250,C,39.39,1098,Perez-Snyder
Rowe-Lewis,Become Product,91.65,Small,250,A,70.42,1023,Alvarez Ltd
Sawyer Inc,Particular Product,67.82,Large,500,B,67.11,1068,"Martin, Ramsey and Clark"
"Wright, Winters and Dominguez",Ability Product,75.25,Medium,500,B,52.87,1061,Miles-Vargas
Fitzpatrick-Sanders,Enough Product,67.42,Medium,500,A,38.5,1008,"Price, Gordon and Rangel"
"Johnson, Moses and Johnson",Doctor Product,57.68,Large,500,C,18.32,1001,"Hart, Harris and Kent"
Morales-Knox,Clearly Product,78.59,Medium,250,C,43.04,1005,"Williamson, Hardy and Salazar"
Bell Ltd,Address Product,94.75,Medium,250,A,79.55,1097,"Garrett, Randall and Miller"
Walter PLC,Could Product,14.31,Large,500,B,17.9,1055,Evans Ltd
"Williamson, Holden and Sims",Hair Product,72.85,Large,1000,C,4.86,1060,Hurley-Torres
"Kelly, Smith and Aguilar",Nearly Product,37.39,Large,750,A,33.57,1048,"Glenn, Hopkins and Davis"
Schmidt-Mathews,Owner Product,75.69,Medium,250,A,50.37,1019,Ball LLC
Lyons PLC,Them Product,80.16,Large,1000,B,62.1,1067,Melendez Group
"Powell, Mcdaniel and Thomas",Remain Product,29.11,Large,1000,A,26.79,1021,Harrison PLC
"Massey, Lewis and Walter",Concern Product,32.53,Medium,750,A,49.78,1041,"Price, Valenzuela and Hammond"
"Stone, Campbell and Robbins",Compare Product,61.2,Small,1000,C,66.82,1015,Wilkerson-Lee
West-Hernandez,Population Product,35.16,Small,250,B,36.83,1023,Alvarez Ltd
Patterson-Mcmahon,Me Product,11.04,Small,1000,A,78.72,1094,Barker PLC
Burns and Sons,Local Product,51.94,Small,500,A,42.08,1028,Cannon Ltd
"Fitzpatrick, Davis and Warren",Television Product,79.02,Medium,250,C,41.69,1090,Smith Inc
"Martin, Cline and Kramer",Area Product,33.57,Medium,1000,A,64.96,1012,Williams and Sons
"Stone, Campbell and Robbins",Final Product,39.56,Small,500,B,77.24,1072,"Moore, Watts and Nelson"
Patterson Inc,Add Product,14.57,Large,250,B,52.81,1045,Banks-King
Combs Group,Parent Product,18.45,Large,500,A,52.83,1050,Christian Ltd
Mosley PLC,Respond Product,44.7,Large,750,A,14.34,1057,Mccoy-Saunders
Brown Inc,Speak Product,8.4,Medium,1000,B,57.77,1022,Robertson Group
"Kemp, Gillespie and Esparza",Issue Product,27.48,Medium,500,C,53.41,1072,"Moore, Watts and Nelson"
"Delgado, Green and Wade",Idea Product,58.14,Medium,750,A,43.27,1079,"Smith, Frye and Edwards"
"Walker, Maddox and Clayton",Eye Product,84.91,Medium,1000,A,53.78,1001,"Hart, Harris and Kent"
"Campbell, Black and Smith",Bill Product,94.64,Large,250,B,61.6,1012,Williams and Sons
Russell and Sons,Song Product,97.49,Small,1000,C,59.39,1093,Rodriguez Group
"Williamson, Fox and Johnson",Allow Product,89.39,Large,1000,B,16.68,1089,Harrison PLC
"Kelly, Smith and Aguilar",Help Product,17.03,Small,250,C,77.42,1057,Mccoy-Saunders
Long and Sons,Him Product,34.72,Small,1000,A,44.61,1082,Smith PLC
Walker Inc,Over Product,68.85,Medium,750,C,53.46,1026,Dean-Rios
Adams and Sons,See Product,71.01,Small,500,B,32.82,1048,"Glenn, Hopkins and Davis"
Richardson Group,Clearly Product,18.33,Small,1000,A,16.35,1023,Alvarez Ltd
Howard Inc,Fish Product,26.32,Large,750,C,7.97,1090,Smith Inc
Williams Inc,Cup Product,83.63,Medium,500,C,55.93,1089,Harrison PLC
Michael-Jefferson,Administration Product,79.2,Small,750,B,41.54,1065,Johnson PLC
"Phelps, Thompson and Chandler",Six Product,58.48,Medium,250,A,17.29,1009,Phelps-Hawkins
"Kelly, Smith and Aguilar",Base Product,36.73,Small,250,B,49.19,1075,"Scott, Mcguire and Miller"
"Briggs, Morris and Weber",Always Product,12.72,Large,250,A,62.52,1076,Crawford-Carter
"Freeman, Larson and Clark",Hit Product,91.49,Large,750,C,33.71,1071,Conley-Baldwin
Williams-Mcintosh,Yet Product,78.22,Small,1000,B,60.58,1047,Ramirez Inc
Phillips Inc,Believe Product,28.28,Large,750,C,45.0,1015,Wilkerson-Lee
Osborne-Brown,Site Product,10.04,Large,500,B,65.03,1057,Mccoy-Saunders
Long and Sons,Officer Product,42.51,Small,1000,A,79.54,1066,Murray LLC
Brown-Mann,Financial Product,11.6,Large,500,C,46.74,1068,"Martin, Ramsey and Clark"
"George, Macdonald and Harper",Pm Product,12.95,Medium,1000,A,12.59,1004,"Jacobson, Hansen and Ramirez"
Long Ltd,Have Product,26.72,Medium,1000,A,32.25,1020,Schwartz-James
Rios Group,Magazine Product,15.28,Medium,500,A,59.76,1052,West PLC
"Harrell, Casey and Bates",Full Product,14.34,Large,1000,C,9.49,1014,Chapman-Welch
Vasquez-Velasquez,Just Product,50.84,Medium,1000,A,28.59,1009,Phelps-Hawkins
Osborne-Brown,Right Product,79.98,Large,1000,C,77.14,1067,Melendez Group
West-Hernandez,Relationship Product,53.38,Large,500,A,67.95,1057,Mccoy-Saunders
Shah-Parker,Artist Product,40.66,Small,1000,A,56.4,1048,"Glenn, Hopkins and Davis"
"Osborne, Cox and Evans",Wind Product,38.64,Small,250,A,12.26,1023,Alvarez Ltd
"Barnes, Pineda and Montgomery",Story Product,39.7,Large,1000,C,60.52,1072,"Moore, Watts and Nelson"
Snyder Ltd,Miss Product,42.96,Small,1000,A,72.03,1078,Larson-Cole
Conrad and Sons,But Product,27.78,Large,500,C,40.67,1053,Harper PLC
Sullivan-Choi,Mouth Product,20.87,Small,1000,A,8.57,1021,Harrison PLC
Garcia-Ramirez,Pass Product,88.63,Small,750,B,17.11,1091,"Chen, Peterson and Hawkins"
"Ellis, Scott and Johnson",Necessary Product,95.92,Medium,250,B,38.2,1099,"Williams, Wright and Waller"
"Hancock, Peters and Holmes",As Product,82.71,Small,1000,A,47.84,1088,"Griffith, Rogers and Jones"
Smith-Aguilar,Understand Product,55.97,Small,750,C,55.51,1064,"Gonzalez, Matthews and Zimmerman"
"Williams, Turner and Harris",Agent Product,82.4,Small,1000,A,4.47,1006,Thompson-Cooper
Phillips Inc,Move Product,48.29,Medium,250,B,16.21,1041,"Price, Valenzuela and Hammond"
"Massey, Lewis and Walter",Miss Product,49.67,Medium,500,A,59.64,1078,Larson-Cole
Grimes Group,She Product,64.37,Large,500,C,58.19,1025,Larson LLC
Rowe-Lewis,Star Product,65.45,Large,500,B,56.44,1042,Jones-Roy
Salazar-Graves,Believe Product,41.12,Small,500,B,24.7,1014,Chapman-Welch
Dawson Inc,Big Product,21.25,Large,1000,B,20.84,1094,Barker PLC
"Briggs, Morris and Weber",Car Product,24.43,Medium,1000,A,45.89,1028,Cannon Ltd
Hopkins Ltd,She Product,75.3,Medium,750,C,20.12,1042,Jones-Roy
Williams LLC,Notice Product,26.83,Large,750,A,71.63,1015,Wilkerson-Lee
Fitzpatrick-Sanders,Second Product,21.98,Medium,500,B,25.61,1026,Dean-Rios
Reynolds-Hill,Member Product,9.91,Large,1000,A,25.07,1093,Rodriguez Group
"Vasquez, Morris and Ramos",Above Product,74.81,Medium,500,C,47.32,1071,Conley-Baldwin
Brock Group,Road Product,68.95,Medium,1000,A,75.38,1034,Stone-Cruz
Combs Group,Against Product,85.11,Medium,500,A,19.44,1070,Scott-Lopez
"Herrera, Jackson and Koch",Material Product,69.94,Small,500,C,63.71,1086,Carlson LLC
"Turner, Armstrong and Fernandez",Expert Product,12.27,Large,250,A,60.42,1048,"Glenn, Hopkins and Davis"
"Sanchez, Miller and Tucker",Thank Product,55.58,Small,500,C,54.48,1052,West PLC
Patterson-Mcmahon,People Product,23.15,Small,500,C,17.64,1019,Ball LLC
Bennett-Collins,Small Product,97.89,Medium,750,C,63.71,1019,Ball LLC
"Williams, Turner and Harris",Throw Product,10.41,Large,500,B,57.18,1038,Smith-Hopkins
"Dalton, Sanders and Cantrell",Walk Product,62.79,Small,750,B,15.94,1066,Murray LLC
Chapman-Marsh,Table Product,79.57,Small,1000,B,78.6,1022,Robertson Group
"Bush, Reyes and Fox",Which Product,68.04,Medium,750,A,17.34,1008,"Price, Gordon and Rangel"
Ross LLC,Others Product,29.65,Small,750,B,71.84,1040,Gregory-Hamilton
Zamora Ltd,Hold Product,68.41,Medium,250,B,34.61,1045,Banks-King
Day and Sons,Ever Product,29.39,Small,500,B,37.56,1035,Riggs-Ramirez
Williams-Mcintosh,At Product,52.67,Medium,500,B,65.44,1028,Cannon Ltd
Long Ltd,Help Product,15.46,Large,250,C,27.43,1020,Schwartz-James
"Hamilton, Rivera and Kelley",This Product,36.82,Medium,750,B,17.21,1053,Harper PLC
Cook-Johnson,Force Product,33.5,Large,750,C,12.67,1092,Brown-Smith
Conrad and Sons,Morning Product,55.64,Large,1000,C,74.04,1045,Banks-King
Spencer Group,Get Product,46.64,Small,750,A,59.41,1001,"Hart, Harris and Kent"
Estrada Inc,Sure Product,37.16,Medium,1000,C,71.95,1037,Rodriguez-Becker
West-Hernandez,Tell Product,36.92,Large,250,B,27.48,1057,Mccoy-Saunders
Archer Group,Fly Product,57.36,Small,750,C,67.63,1041,"Price, Valenzuela and Hammond"
James and Sons,Miss Product,54.02,Small,250,C,34.45,1032,James and Sons
"Powell, Mcdaniel and Thomas",Against Product,35.27,Small,500,B,55.98,1010,Johnson Ltd
Johnson Inc,Staff Product,35.09,Small,1000,A,58.97,1085,"Hopkins, Robinson and Johnson"
Reynolds LLC,Break Product,46.33,Small,500,B,12.35,1015,Wilkerson-Lee
Mason-Logan,Happy Product,71.42,Large,250,B,64.01,1059,Benjamin-Murphy
Price Group,Population Product,18.14,Small,250,A,11.64,1022,Robertson Group
Kim-Gonzalez,Help Product,28.76,Small,1000,B,21.6,1013,Leonard-White
"Williams, Schultz and Black",Method Product,66.01,Medium,500,A,78.8,1025,Larson LLC
Osborne-Brown,Heavy Product,65.62,Medium,750,C,47.69,1026,Dean-Rios
Walter PLC,Loss Product,75.65,Small,750,C,73.79,1081,Robinson-Yates
Davis-Reyes,Appear Product,35.11,Medium,1000,C,65.57,1006,Thompson-Cooper
Sullivan-Hubbard,Alone Product,82.73,Small,500,B,72.96,1081,Robinson-Yates
Mosley PLC,Clearly Product,16.71,Medium,1000,A,46.52,1043,Leach LLC
Mitchell-Watson,Large Product,67.35,Small,1000,C,38.42,1046,"Hale, Dickerson and Ford"
Lin and Sons,Our Product,15.09,Large,250,B,7.08,1007,Gill-Jones
Knapp-Wolf,Treatment Product,15.46,Large,750,A,23.77,1029,Morales Ltd
"Turner, Armstrong and Fernandez",Writer Product,81.99,Small,500,B,31.05,1000,"Todd, Schultz and Stewart"
Bass and Sons,Dog Product,29.39,Small,500,A,42.73,1016,Norris Group
Grimes Group,Happy Product,27.03,Medium,500,C,8.63,1028,Cannon Ltd
Wagner Group,Such Product,81.55,Medium,1000,A,68.1,1046,"Hale, Dickerson and Ford"
"Herrera, Jackson and Koch",Pressure Product,5.29,Medium,750,A,29.34,1089,Harrison PLC
"Wright, Winters and Dominguez",Dinner Product,75.84,Large,250,C,41.5,1082,Smith PLC
Edwards LLC,Move Product,5.7,Small,250,B,14.29,1032,James and Sons
"Jones, Martinez and Taylor",Tree Product,52.66,Small,750,A,7.43,1094,Barker PLC
Gates-Stevens,Into Product,85.57,Medium,750,A,3.67,1097,"Garrett, Randall and Miller"
Vasquez-Jackson,Range Product,30.64,Medium,1000,C,47.27,1013,Leonard-White
Mitchell LLC,Mean Product,36.55,Small,250,C,33.58,1074,Warner PLC
Garcia-Ramirez,Lay Product,5.58,Medium,750,C,50.76,1097,"Garrett, Randall and Miller"
Walter PLC,Thank Product,45.21,Large,750,B,42.42,1088,"Griffith, Rogers and Jones"
Edwards Inc,Race Product,30.56,Large,750,A,22.79,1060,Hurley-Torres
Davis-Vasquez,Move Product,78.29,Medium,1000,C,54.02,1067,Melendez Group
Russell and Sons,Guess Product,89.73,Small,750,A,64.53,1013,Leonard-White
Conrad and Sons,There Product,98.38,Small,1000,B,64.68,1009,Phelps-Hawkins
"Kemp, Gillespie and Esparza",Low Product,43.69,Large,500,B,34.09,1024,"Fernandez, Brown and Lucas"
Dunlap Ltd,Really Product,85.49,Medium,1000,A,25.55,1065,Johnson PLC
Walker Inc,Spend Product,61.4,Medium,1000,C,42.42,1091,"Chen, Peterson and Hawkins"
Sawyer-Lane,Onto Product,32.36,Small,750,A,13.37,1063,Clark-Miller
"Bush, Reyes and Fox",There Product,17.12,Small,750,C,37.71,1002,"Martinez, Rodriguez and Cain"
"Powell, Mcdaniel and Thomas",Film Product,86.88,Medium,250,A,45.44,1039,"Vega, Meyers and Crawford"
"Walker, Maddox and Clayton",Care Product,11.82,Large,500,B,47.4,1008,"Price, Gordon and Rangel"
"George, Macdonald and Harper",Enjoy Product,45.23,Small,500,B,39.8,1002,"Martinez, Rodriguez and Cain"
Brown-Marshall,Program Product,81.81,Medium,500,A,39.82,1024,"Fernandez, Brown and Lucas"
"Turner, Armstrong and Fernandez",Possible Product,65.47,Small,250,B,35.65,1065,Johnson PLC
Dawson Inc,Civil Product,18.66,Small,1000,A,10.25,1054,Torres-Lyons
Barrett-Roth,Body Product,27.62,Small,750,A,44.82,1051,"Galloway, Mason and White"
"Johnson, Moses and Johnson",Among Product,96.83,Medium,750,A,34.23,1092,Brown-Smith
Perez-Johnson,Reach Product,71.44,Large,1000,A,3.21,1043,Leach LLC
"Walker, Zimmerman and Williams",Course Product,98.25,Medium,750,C,37.47,1017,Wheeler-Salinas
Perez-Johnson,Skill Product,6.79,Medium,1000,B,37.17,1079,"Smith, Frye and Edwards"
"Jones, Martinez and Taylor",Already Product,54.46,Medium,500,A,66.44,1071,Conley-Baldwin
Richardson Group,Eye Product,96.45,Small,500,A,11.07,1019,Ball LLC
Williams LLC,Reality Product,13.72,Small,250,C,13.73,1094,Barker PLC
Cline Ltd,Race Product,33.58,Medium,750,C,5.69,1056,Ramos LLC
Mccullough Group,Television Product,95.73,Large,1000,A,63.05,1017,Wheeler-Salinas
"Turner, Armstrong and Fernandez",Three Product,10.54,Small,750,B,13.77,1024,"Fernandez, Brown and Lucas"
"Herrera, Jackson and Koch",Message Product,80.4,Large,500,C,22.49,1098,Perez-Snyder
"Dunn, Martinez and Brandt",Standard Product,63.99,Small,1000,C,56.4,1089,Harrison PLC
Quinn-Tran,Space Product,53.39,Medium,500,A,76.76,1074,Warner PLC
"Dunn, Martinez and Brandt",Hand Product,73.54,Medium,1000,B,17.94,1042,Jones-Roy
"Hamilton, Rivera and Kelley",Draw Product,92.65,Small,500,C,48.62,1096,"White, Miller and Woods"
"Williamson, Fox and Johnson",Goal Product,35.28,Small,750,B,41.25,1006,Thompson-Cooper
Pittman-Lucas,Church Product,59.87,Medium,1000,A,73.06,1003,Anthony-Hurley
Morales-Knox,Night Product,78.86,Small,250,C,31.83,1073,Kent Ltd
Best Group,Attack Product,77.33,Large,750,C,60.71,1078,Larson-Cole
Brock Group,Every Product,25.1,Medium,750,A,14.29,1021,Harrison PLC
Lyons PLC,Piece Product,71.69,Small,500,B,22.37,1054,Torres-Lyons
Pittman-Lucas,Box Product,71.75,Small,250,C,16.95,1050,Christian Ltd
Perez-Johnson,Outside Product,67.59,Medium,1000,C,10.64,1052,West PLC
"Sanders, Hill and Bryant",Address Product,7.49,Small,250,B,59.53,1003,Anthony-Hurley
"Phelps, Thompson and Chandler",More Product,85.28,Large,1000,A,67.65,1002,"Martinez, Rodriguez and Cain"
"Harrell, Casey and Bates",Heart Product,78.53,Medium,1000,B,11.74,1058,Watkins Inc
Hinton LLC,Up Product,13.73,Large,500,B,42.59,1012,Williams and Sons
Mitchell-Lopez,Live Product,51.95,Large,500,B,72.46,1092,Brown-Smith
Cook-Johnson,Continue Product,44.6,Large,500,A,37.84,1034,Stone-Cruz
"Bradley, Baker and Mcneil",Sometimes Product,11.19,Large,250,A,63.1,1019,Ball LLC
Martinez-Giles,Congress Product,83.18,Medium,500,B,7.47,1045,Banks-King
Snyder Ltd,Laugh Product,82.84,Large,1000,A,77.31,1092,Brown-Smith
Roberts and Sons,After Product,52.93,Medium,1000,A,26.92,1053,Harper PLC
Sawyer Inc,Value Product,8.95,Small,750,B,18.69,1017,Wheeler-Salinas
Gomez-Moran,Argue Product,31.46,Small,750,B,61.7,1023,Alvarez Ltd
"Williams, Schultz and Black",Science Product,15.18,Medium,500,A,69.55,1049,White Group
"Delgado, Green and Wade",Only Product,75.04,Large,1000,A,23.61,1082,Smith PLC
Brennan Group,Past Product,32.82,Small,750,B,46.32,1088,"Griffith, Rogers and Jones"
"Smith, Davis and Lopez",Road Product,66.06,Large,500,A,28.2,1080,Brown Inc
Day and Sons,Six Product,42.18,Large,500,B,78.32,1031,Watson and Sons
Thomas and Sons,Effect Product,80.71,Small,750,A,22.29,1017,Wheeler-Salinas
"Bailey, Avery and Edwards",Beyond Product,85.95,Small,1000,C,35.22,1029,Morales Ltd
"Hernandez, Davis and Williams",At Product,52.17,Medium,500,C,48.88,1000,"Todd, Schultz and Stewart"
"Garza, Perkins and Clark",Between Product,13.97,Small,500,A,55.25,1019,Ball LLC
"West, Reed and Berry",Successful Product,6.61,Small,1000,B,39.56,1078,Larson-Cole
"Dunn, Martinez and Brandt",Have Product,21.89,Small,250,C,59.26,1045,Banks-King
Lin and Sons,Game Product,59.2,Small,250,A,4.66,1058,Watkins Inc
Knapp-Wolf,Per Product,56.3,Large,250,A,42.78,1092,Brown-Smith
"Herrera, Jackson and Koch",Contain Product,9.57,Medium,250,A,8.07,1086,Carlson LLC
Short-Cook,Really Product,55.97,Large,250,C,22.86,1008,"Price, Gordon and Rangel"
Mccullough Group,Card Product,58.72,Small,1000,B,19.2,1027,Moss-Jackson
Reynolds-Hill,Medical Product,58.25,Large,750,B,6.66,1085,"Hopkins, Robinson and Johnson"
Combs Group,Charge Product,43.68,Small,1000,B,41.16,1001,"Hart, Harris and Kent"
Cline Ltd,Radio Product,16.1,Medium,250,C,47.39,1040,Gregory-Hamilton
"Massey, Lewis and Walter",Already Product,91.99,Medium,250,C,3.71,1093,Rodriguez Group
Walker Inc,Establish Product,33.88,Small,250,C,43.58,1062,Gutierrez PLC
"Hancock, Peters and Holmes",Economic Product,95.45,Small,1000,A,42.32,1032,James and Sons
Short-Cook,Time Product,35.82,Small,500,B,72.85,1096,"White, Miller and Woods"
Howard Inc,Argue Product,82.99,Medium,250,A,26.74,1086,Carlson LLC
Howard Inc,Campaign Product,91.97,Small,500,C,18.34,1084,"Tucker, Evans and Watts"
Smith-Aguilar,Whole Product,44.38,Large,500,A,52.23,1056,Ramos LLC
"Hancock, Peters and Holmes",Old Product,19.18,Large,1000,A,37.07,1016,Norris Group
"Horne, Patton and Martin",Between Product,63.04,Medium,500,B,28.43,1003,Anthony-Hurley
"Fitzpatrick, Davis and Warren",Part Product,20.19,Large,250,C,10.68,1073,Kent Ltd
Williams-White,Game Product,96.52,Medium,1000,C,33.38,1072,"Moore, Watts and Nelson"
"Stevens, Miller and Phillips",Simply Product,53.97,Small,250,C,67.02,1077,Taylor-Dickerson
Rogers and Sons,Model Product,22.72,Small,500,C,14.83,1008,"Price, Gordon and Rangel"
Long Ltd,Area Product,10.76,Large,750,A,73.81,1069,Hamilton PLC
Larson-Lopez,Open Product,32.62,Large,250,C,43.48,1053,Harper PLC
Lin and Sons,Recent Product,45.61,Small,250,C,3.38,1023,Alvarez Ltd
Estrada Inc,Yeah Product,50.33,Large,250,A,10.11,1058,Watkins Inc
Patterson Inc,Finish Product,22.73,Large,250,C,33.42,1007,Gill-Jones
"George, Macdonald and Harper",Develop Product,82.0,Large,250,A,19.64,1072,"Moore, Watts and Nelson"
Cook-Johnson,Past Product,7.56,Large,750,A,12.12,1079,"Smith, Frye and Edwards"
Gates-Pittman,Rest Product,68.18,Small,750,C,19.91,1067,Melendez Group
Schmidt-Mathews,Truth Product,35.91,Medium,250,B,57.65,1076,Crawford-Carter
Johnson-Bowman,Season Product,78.08,Small,250,C,21.79,1060,Hurley-Torres
"Watkins, James and Page",Forward Product,17.68,Small,250,A,70.0,1032,James and Sons
"Walker, Zimmerman and Williams",Fall Product,7.23,Large,1000,A,19.91,1089,Harrison PLC
Brown-Mann,Force Product,21.15,Large,250,B,69.74,1033,Hughes Ltd
"Briggs, Morris and Weber",Six Product,25.14,Medium,500,C,37.45,1080,Brown Inc
"Lucas, Johnson and Alvarez",Turn Product,12.02,Large,750,A,38.31,1036,"Gonzalez, Johnston and Price"
Rios Group,Several Product,76.67,Medium,1000,C,57.66,1066,Murray LLC
Mosley PLC,Buy Product,58.09,Medium,250,C,18.99,1020,Schwartz-James
"Martin, Cline and Kramer",Design Product,55.85,Medium,1000,B,24.68,1093,Rodriguez Group
"Kelly, Smith and Aguilar",Cell Product,60.79,Medium,250,B,36.49,1077,Taylor-Dickerson
Perkins-Roberts,Require Product,76.72,Small,750,C,46.11,1036,"Gonzalez, Johnston and Price"
Lin and Sons,Cup Product,41.9,Large,750,B,7.74,1054,Torres-Lyons
"Strickland, Jones and Padilla",Whole Product,75.38,Small,1000,A,29.0,1048,"Glenn, Hopkins and Davis"
"Harrell, Casey and Bates",Trip Product,72.68,Large,500,A,7.66,1050,Christian Ltd
"Bailey, Avery and Edwards",Try Product,68.68,Medium,250,B,32.99,1040,Gregory-Hamilton
Barrett-Roth,Risk Product,16.33,Medium,750,A,31.69,1010,Johnson Ltd
Smith Ltd,Move Product,96.84,Large,250,B,55.22,1003,Anthony-Hurley
"Bush, Reyes and Fox",Condition Product,21.05,Medium,1000,A,44.15,1048,"Glenn, Hopkins and Davis"
Thornton PLC,Month Product,90.86,Medium,500,A,60.71,1082,Smith PLC
Perkins-Roberts,Far Product,70.83,Medium,750,C,29.58,1049,White Group
Wagner Group,Deal Product,59.82,Medium,500,A,3.18,1063,Clark-Miller
"Dalton, Sanders and Cantrell",Natural Product,62.54,Medium,500,A,28.97,1099,"Williams, Wright and Waller"
Johnson PLC,Set Product,8.83,Medium,750,A,16.94,1031,Watson and Sons
Bell Ltd,Both Product,62.31,Small,250,B,78.0,1002,"Martinez, Rodriguez and Cain"
Reynolds LLC,Special Product,38.51,Large,1000,A,56.27,1093,Rodriguez Group
Pittman-Lucas,Today Product,46.42,Medium,750,C,71.88,1093,Rodriguez Group
Gomez-Moran,Economy Product,75.74,Small,250,B,58.38,1048,"Glenn, Hopkins and Davis"
"Tucker, Jones and Hart",Finally Product,68.9,Medium,250,A,24.41,1072,"Moore, Watts and Nelson"
Martinez-Giles,Bit Product,59.75,Medium,1000,C,5.85,1080,Brown Inc
Rogers-Sanchez,Way Product,96.91,Medium,500,A,12.47,1097,"Garrett, Randall and Miller"
Brennan Group,As Product,7.06,Small,500,B,66.17,1009,Phelps-Hawkins
"Hernandez, Morrison and Villanueva",Watch Product,12.01,Large,250,A,41.06,1021,Harrison PLC
Zamora Ltd,Look Product,67.74,Large,500,B,13.32,1083,"Soto, Estrada and Martinez"
Rios Group,Course Product,39.05,Large,500,B,65.06,1060,Hurley-Torres
Combs Group,Evening Product,23.38,Small,750,C,70.76,1007,Gill-Jones
Williams LLC,Such Product,7.78,Large,500,C,30.76,1005,"Williamson, Hardy and Salazar"
Edwards LLC,Successful Product,14.1,Medium,1000,B,71.57,1047,Ramirez Inc
Richardson Group,Add Product,16.41,Small,750,C,58.62,1055,Evans Ltd
"Hancock, Peters and Holmes",Behind Product,15.69,Medium,500,B,11.12,1036,"Gonzalez, Johnston and Price"
Zamora Ltd,Ever Product,48.01,Large,750,B,56.02,1058,Watkins Inc
Phillips Inc,Understand Product,24.88,Large,750,A,60.46,1050,Christian Ltd
Williams-White,Base Product,8.55,Large,250,C,12.73,1051,"Galloway, Mason and White"
Thornton PLC,Design Product,48.59,Medium,250,B,4.01,1093,Rodriguez Group
Sullivan-Choi,Century Product,93.45,Large,750,A,42.74,1071,Conley-Baldwin
Dawson Inc,Cover Product,49.76,Small,750,B,21.38,1042,Jones-Roy
"Powell, Mcdaniel and Thomas",Cold Product,51.7,Large,750,C,27.59,1002,"Martinez, Rodriguez and Cain"
Rodriguez-Palmer,Account Product,45.68,Large,500,A,34.87,1086,Carlson LLC
Hansen Inc,Cover Product,12.64,Large,250,A,58.61,1050,Christian Ltd
Reynolds LLC,Result Product,21.8,Large,500,B,60.81,1074,Warner PLC
Brennan Group,Certain Product,74.01,Large,250,C,72.96,1070,Scott-Lopez
Thomas and Sons,Somebody Product,48.42,Medium,250,C,44.73,1098,Perez-Snyder
Snyder Ltd,Each Product,32.35,Medium,250,C,9.77,1029,Morales Ltd
Hopkins Ltd,Spend Product,9.75,Medium,250,C,79.75,1076,Crawford-Carter
Mitchell-Lopez,Office Product,73.41,Small,500,A,69.84,1007,Gill-Jones
Hunt-Tucker,View Product,46.48,Small,750,C,16.02,1097,"Garrett, Randall and Miller"
"Ellis, Scott and Johnson",Firm Product,70.78,Small,250,C,29.65,1062,Gutierrez PLC
"Williamson, Fox and Johnson",Tonight Product,67.86,Large,500,A,65.94,1018,Rogers Group
Short-Cook,Science Product,63.34,Small,250,A,12.37,1094,Barker PLC
Russell and Sons,Issue Product,93.88,Large,250,B,64.08,1013,Leonard-White
Richardson Group,Nation Product,96.77,Small,250,C,43.37,1004,"Jacobson, Hansen and Ramirez"
"Vasquez, Morris and Ramos",Nation Product,49.57,Small,250,B,27.08,1015,Wilkerson-Lee
"Jones, Martinez and Taylor",Partner Product,71.51,Small,1000,C,27.42,1016,Norris Group
West-Hernandez,Professional Product,41.87,Large,500,A,18.04,1048,"Glenn, Hopkins and Davis"
"Walker, Maddox and Clayton",Produce Product,24.07,Large,750,C,45.17,1045,Banks-King
Kirk-Perry,Bank Product,22.72,Medium,750,B,59.5,1033,Hughes Ltd
"Tucker, Jones and Hart",Cover Product,90.34,Small,250,C,25.82,1049,White Group
Dunlap Ltd,Family Product,30.36,Medium,250,A,44.66,1004,"Jacobson, Hansen and Ramirez"
"Neal, Frey and Ferguson",Financial Product,83.03,Small,250,C,52.9,1082,Smith PLC
Johnson-Bowman,Point Product,99.25,Small,500,C,76.62,1028,Cannon Ltd
Charles Ltd,Lead Product,27.38,Large,750,A,29.1,1050,Christian Ltd
Williams LLC,Our Product,65.36,Medium,750,B,12.7,1085,"Hopkins, Robinson and Johnson"
Long Ltd,Ok Product,63.12,Large,1000,C,59.18,1098,Perez-Snyder
Mahoney and Sons,Picture Product,47.26,Medium,1000,C,78.61,1025,Larson LLC
Williams LLC,Choose Product,5.59,Small,250,B,18.61,1094,Barker PLC
"Hernandez, Morrison and Villanueva",Attack Product,6.01,Medium,500,A,73.14,1004,"Jacobson, Hansen and Ramirez"
"Lucas, Johnson and Alvarez",Beautiful Product,67.55,Large,750,C,52.17,1004,"Jacobson, Hansen and Ramirez"
Snyder Ltd,Face Product,94.2,Medium,500,B,44.72,1017,Wheeler-Salinas
Rogers-Sanchez,Most Product,48.11,Large,1000,B,15.91,1063,Clark-Miller
Garner and Sons,Real Product,26.93,Small,1000,B,32.15,1089,Harrison PLC
"Martin, Cline and Kramer",Rock Product,70.6,Small,500,B,72.78,1096,"White, Miller and Woods"
Adams and Sons,Song Product,38.21,Medium,500,A,24.83,1045,Banks-King
Daniels PLC,Star Product,29.38,Medium,500,B,34.05,1081,Robinson-Yates
"Gregory, Fowler and Miller",Position Product,57.93,Large,750,B,12.47,1053,Harper PLC
Perez-Johnson,Least Product,28.15,Large,750,A,18.57,1082,Smith PLC
Charles Ltd,Treat Product,83.58,Small,1000,B,48.93,1094,Barker PLC
Day and Sons,Control Product,31.86,Small,250,A,4.41,1077,Taylor-Dickerson
Kaiser Group,Large Product,98.35,Medium,250,A,64.26,1048,"Glenn, Hopkins and Davis"
"Bush, Reyes and Fox",Position Product,36.18,Small,1000,C,56.06,1023,Alvarez Ltd
Zamora Ltd,Town Product,69.48,Medium,750,B,4.86,1033,Hughes Ltd
"Hernandez, Morrison and Villanueva",One Product,70.93,Medium,500,A,18.14,1038,Smith-Hopkins
Larson-Lopez,Health Product,96.67,Large,500,C,12.82,1067,Melendez Group
Perez-Johnson,Cause Product,98.16,Medium,750,C,53.84,1044,Mcdaniel PLC
"Hernandez, Morrison and Villanueva",Everyone Product,18.48,Large,750,C,35.7,1019,Ball LLC
Pittman-Lucas,Approach Product,76.25,Large,750,B,25.93,1061,Miles-Vargas
Snyder-Kelly,Nor Product,8.48,Large,500,B,21.61,1057,Mccoy-Saunders
"Cannon, Reynolds and Alvarado",Bar Product,7.5,Small,750,A,17.68,1033,Hughes Ltd
Knox Group,Choice Product,48.91,Medium,500,B,67.96,1085,"Hopkins, Robinson and Johnson"
Salazar-Graves,Say Product,16.39,Large,1000,A,50.71,1072,"Moore, Watts and Nelson"
Day and Sons,Blue Product,44.38,Large,500,A,6.37,1019,Ball LLC
Best Group,Green Product,94.05,Large,1000,A,69.94,1052,West PLC
Perkins-Roberts,Box Product,55.79,Large,250,A,35.14,1031,Watson and Sons
"Ruiz, Rodriguez and Lane",Ahead Product,83.4,Large,500,C,73.29,1046,"Hale, Dickerson and Ford"
Rogers and Sons,Business Product,27.13,Large,750,A,25.04,1031,Watson and Sons
Garner and Sons,Reason Product,68.35,Large,250,A,27.87,1035,Riggs-Ramirez
Johnson PLC,Travel Product,95.01,Large,750,C,18.14,1025,Larson LLC
"Ellis, Scott and Johnson",Develop Product,14.47,Medium,1000,B,49.33,1023,Alvarez Ltd
Gates-Stevens,Stand Product,51.46,Medium,250,B,40.25,1036,"Gonzalez, Johnston and Price"
Rogers and Sons,Store Product,57.21,Medium,250,A,77.06,1021,Harrison PLC
Lloyd Ltd,Nice Product,38.15,Medium,1000,B,14.73,1099,"Williams, Wright and Waller"
Vasquez-Jackson,Something Product,14.32,Medium,250,B,33.46,1072,"Moore, Watts and Nelson"
Mercado-Jacobson,Education Product,65.02,Large,1000,C,47.26,1056,Ramos LLC
Phillips Inc,With Product,50.37,Medium,500,B,5.87,1024,"Fernandez, Brown and Lucas"
Lyons PLC,Write Product,98.29,Small,750,A,71.31,1046,"Hale, Dickerson and Ford"
Russell and Sons,Think Product,94.62,Large,500,A,70.8,1067,Melendez Group
Rogers-Sanchez,Food Product,45.87,Medium,500,B,49.55,1056,Ramos LLC
"Gregory, Fowler and Miller",Between Product,81.32,Large,750,C,21.3,1082,Smith PLC
"Campbell, Black and Smith",See Product,86.5,Medium,1000,A,31.87,1045,Banks-King
Brown Inc,Late Product,50.44,Small,500,C,28.06,1067,Melendez Group
Short-Cook,Firm Product,6.09,Medium,1000,C,67.71,1032,James and Sons
"Hernandez, Morrison and Villanueva",Certain Product,69.91,Small,250,B,30.97,1080,Brown Inc
Snyder Ltd,Recognize Product,58.69,Medium,750,C,5.59,1092,Brown-Smith
Hansen Inc,Imagine Product,17.44,Small,250,C,40.47,1026,Dean-Rios
Bass and Sons,Organization Product,66.97,Large,500,C,64.23,1010,Johnson Ltd
"Briggs, Morris and Weber",Opportunity Product,96.94,Large,1000,A,23.28,1052,West PLC
"West, Reed and Berry",Watch Product,68.65,Medium,250,B,35.18,1060,Hurley-Torres
Vasquez-Jackson,Opportunity Product,38.18,Small,1000,A,70.18,1003,Anthony-Hurley
Murphy-Gardner,Reach Product,17.11,Small,1000,C,17.69,1007,Gill-Jones
"Phelps, Thompson and Chandler",Quickly Product,40.23,Large,250,A,65.01,1014,Chapman-Welch
Bennett-Collins,Industry Product,51.91,Small,750,A,20.35,1056,Ramos LLC
Mitchell LLC,Really Product,71.84,Small,500,A,54.12,1053,Harper PLC
Mosley PLC,Artist Product,18.73,Small,250,A,28.14,1036,"Gonzalez, Johnston and Price"
Archer Group,Center Product,98.0,Small,750,A,16.95,1075,"Scott, Mcguire and Miller"
Burns and Sons,Student Product,45.58,Medium,500,A,25.88,1034,Stone-Cruz
Burns and Sons,Entire Product,90.0,Small,250,A,11.65,1094,Barker PLC
Cook-Johnson,Let Product,38.27,Medium,750,C,22.75,1066,Murray LLC
"Bailey, Avery and Edwards",Relationship Product,73.48,Medium,250,A,31.18,1058,Watkins Inc
Edwards Inc,Ever Product,55.95,Medium,1000,B,25.0,1026,Dean-Rios
"Walker, Maddox and Clayton",Stop Product,86.46,Medium,250,C,46.68,1074,Warner PLC
Lloyd Ltd,Information Product,16.08,Large,1000,B,58.16,1017,Wheeler-Salinas
Hunt-Tucker,Both Product,21.14,Small,1000,B,10.1,1099,"Williams, Wright and Waller"
"Navarro, Parker and Garcia",Interesting Product,86.12,Small,500,B,73.52,1087,Bryant-Thompson
"Williams, Schultz and Black",Box Product,65.35,Small,500,C,32.5,1040,Gregory-Hamilton
Long-Bowman,Sign Product,13.14,Medium,1000,B,51.03,1092,Brown-Smith
Dawson Inc,Ever Product,91.72,Medium,1000,B,19.16,1010,Johnson Ltd
"Watkins, James and Page",Southern Product,52.57,Large,750,B,50.76,1001,"Hart, Harris and Kent"
"Briggs, Morris and Weber",Guess Product,28.76,Large,1000,A,67.8,1039,"Vega, Meyers and Crawford"
Brown-Nelson,Kitchen Product,5.63,Small,1000,C,8.23,1043,Leach LLC
Rogers and Sons,Movie Product,19.25,Small,750,C,6.41,1038,Smith-Hopkins
"Stevens, Miller and Phillips",Through Product,59.74,Medium,500,C,56.77,1005,"Williamson, Hardy and Salazar"
"Jones, Martinez and Taylor",Fund Product,72.59,Large,500,A,77.43,1099,"Williams, Wright and Waller"
Archer PLC,Response Product,25.63,Small,750,A,20.7,1078,Larson-Cole
West-Hernandez,House Product,68.82,Small,500,C,13.9,1026,Dean-Rios
Walker Inc,Production Product,54.89,Large,500,C,43.8,1070,Scott-Lopez
Kirk-Perry,Air Product,79.41,Small,500,B,46.5,1027,Moss-Jackson
Archer PLC,Example Product,19.94,Small,750,B,67.3,1033,Hughes Ltd
"Nguyen, Robinson and Mitchell",Minute Product,67.21,Small,500,A,40.29,1063,Clark-Miller
Richardson Group,Behind Product,39.61,Large,500,A,26.05,1021,Harrison PLC
Davis-Vasquez,Adult Product,32.35,Small,1000,C,56.6,1019,Ball LLC
Mcpherson and Sons,Out Product,29.62,Medium,250,A,50.78,1077,Taylor-Dickerson
Mercado-Jacobson,Personal Product,7.06,Small,250,C,37.52,1011,Cordova-Leblanc
"Dunn, Martinez and Brandt",Huge Product,57.31,Medium,250,C,53.34,1049,White Group
Schmidt-Mathews,Eat Product,32.5,Large,250,A,9.43,1090,Smith Inc
Young-Shaw,Individual Product,21.91,Large,1000,A,9.42,1012,Williams and Sons
Davis-Reyes,Scene Product,83.27,Medium,750,C,71.44,1098,Perez-Snyder
Mccullough Group,Situation Product,19.26,Large,250,A,52.76,1003,Anthony-Hurley
Davis-Russell,Indeed Product,8.65,Small,1000,A,57.0,1000,"Todd, Schultz and Stewart"
"Shannon, Lee and Noble",Bring Product,66.98,Large,750,B,7.24,1026,Dean-Rios
Adams and Sons,Federal Product,60.94,Small,750,C,60.89,1060,Hurley-Torres
Williams-White,Whom Product,57.64,Small,1000,A,49.79,1065,Johnson PLC
Walker Inc,Instead Product,91.59,Large,250,C,65.55,1071,Conley-Baldwin
Garcia-Ramirez,Again Product,47.52,Medium,1000,B,52.29,1045,Banks-King
Garcia-Ramirez,Appear Product,14.96,Medium,750,A,77.53,1037,Rodriguez-Becker
Osborne-Brown,Federal Product,61.76,Medium,1000,B,29.36,1060,Hurley-Torres
Zamora Ltd,Voice Product,32.95,Small,1000,B,13.55,1040,Gregory-Hamilton
Knox Group,Participant Product,18.72,Small,750,A,6.43,1000,"Todd, Schultz and Stewart"
Gentry-Gray,Eight Product,41.61,Large,250,B,43.85,1094,Barker PLC
"Hamilton, Rivera and Kelley",Act Product,12.97,Medium,750,A,6.49,1062,Gutierrez PLC
"Vasquez, Morris and Ramos",Rate Product,17.33,Medium,250,A,65.43,1023,Alvarez Ltd
Bailey PLC,Go Product,72.96,Large,500,A,72.04,1089,Harrison PLC
Patterson Inc,Act Product,81.89,Small,1000,A,53.52,1080,Brown Inc
Howard Inc,Event Product,32.5,Small,750,C,68.04,1017,Wheeler-Salinas
Sullivan-Choi,Say Product,93.26,Large,1000,C,24.74,1038,Smith-Hopkins
Schmidt-Mathews,Hospital Product,81.17,Medium,1000,B,56.7,1073,Kent Ltd
"Tucker, Jones and Hart",Apply Product,92.21,Small,1000,B,57.74,1081,Robinson-Yates
Young-Shaw,Before Product,66.28,Small,1000,B,6.6,1062,Gutierrez PLC
Martinez-Giles,Point Product,37.44,Small,250,C,39.81,1092,Brown-Smith
Adams and Sons,Wide Product,47.33,Large,750,C,38.21,1088,"Griffith, Rogers and Jones"
"George, Macdonald and Harper",Our Product,6.12,Large,750,A,16.3,1085,"Hopkins, Robinson and Johnson"
Brown Inc,Recognize Product,73.76,Large,250,A,62.68,1056,Ramos LLC
Smith-Aguilar,Threat Product,41.11,Large,500,B,58.04,1082,Smith PLC
"Stone, Campbell and Robbins",Thought Product,92.37,Small,750,C,48.35,1068,"Martin, Ramsey and Clark"
"Cannon, Reynolds and Alvarado",Financial Product,21.36,Large,1000,B,77.21,1006,Thompson-Cooper
Osborne-Brown,Quite Product,44.82,Large,1000,B,29.05,1060,Hurley-Torres
Walker Inc,Boy Product,98.28,Medium,500,B,40.74,1086,Carlson LLC
"Powell, Mcdaniel and Thomas",International Product,55.59,Small,1000,B,7.12,1073,Kent Ltd
"West, Reed and Berry",Condition Product,87.03,Small,500,C,28.4,1013,Leonard-White
Spencer Group,Lead Product,76.67,Small,250,C,56.09,1003,Anthony-Hurley
Mitchell-Watson,Early Product,90.91,Medium,500,B,59.69,1044,Mcdaniel PLC
Richardson Group,Recognize Product,96.06,Medium,250,B,33.01,1014,Chapman-Welch
Perkins-Roberts,Couple Product,93.12,Small,500,B,11.25,1069,Hamilton PLC
Combs Group,Success Product,47.29,Large,250,A,20.07,1078,Larson-Cole
West-Hernandez,Later Product,43.99,Large,500,A,12.25,1048,"Glenn, Hopkins and Davis"
Mosley PLC,Available Product,84.07,Large,250,B,21.21,1032,James and Sons
Charles Ltd,Newspaper Product,68.27,Large,500,A,29.94,1054,Torres-Lyons
Martinez-Giles,Example Product,79.49,Large,250,C,69.1,1047,Ramirez Inc
Schmidt-Mathews,Increase Product,64.68,Medium,750,A,26.17,1062,Gutierrez PLC
Adams and Sons,Part Product,94.93,Small,1000,C,49.27,1007,Gill-Jones
Walter PLC,White Product,11.97,Large,250,A,35.52,1002,"Martinez, Rodriguez and Cain"
Edwards LLC,Finish Product,28.24,Medium,750,C,74.71,1043,Leach LLC
"Williams, Schultz and Black",Bit Product,14.55,Small,1000,C,22.22,1015,Wilkerson-Lee
Vasquez-Velasquez,Car Product,65.28,Medium,750,B,73.84,1095,Oneill and Sons
"George, Macdonald and Harper",Perhaps Product,81.71,Medium,250,A,45.21,1098,Perez-Snyder
Davis-Russell,Very Product,90.74,Medium,750,B,71.69,1013,Leonard-White
Russell and Sons,Night Product,48.87,Large,750,C,22.12,1036,"Gonzalez, Johnston and Price"
"Sanders, Hill and Bryant",Worry Product,37.75,Small,750,A,6.56,1045,Banks-King
"Bailey, Avery and Edwards",Name Product,84.59,Large,1000,A,15.34,1047,Ramirez Inc
Davis-Russell,Purpose Product,96.13,Medium,500,C,13.03,1084,"Tucker, Evans and Watts"
"Briggs, Morris and Weber",Type Product,28.2,Medium,750,A,68.24,1065,Johnson PLC
"West, Reed and Berry",Upon Product,42.2,Small,1000,A,46.36,1013,Leonard-White
Williams LLC,Have Product,87.17,Small,750,C,65.06,1059,Benjamin-Murphy
Thomas and Sons,Fire Product,34.46,Small,500,A,74.65,1094,Barker PLC
Perkins-Roberts,Eye Product,56.67,Medium,750,C,38.81,1013,Leonard-White
Sanchez Group,Anything Product,25.46,Medium,250,A,57.88,1096,"White, Miller and Woods"
"Garza, Perkins and Clark",Nature Product,98.11,Small,750,C,27.16,1013,Leonard-White
Davis-Reyes,Approach Product,79.16,Large,1000,C,64.55,1067,Melendez Group
Brown-Mann,Pull Product,49.95,Small,1000,C,35.75,1002,"Martinez, Rodriguez and Cain"
Snyder-Kelly,Four Product,39.15,Medium,750,A,33.3,1007,Gill-Jones
"Walker, Zimmerman and Williams",After Product,80.04,Small,250,A,78.84,1042,Jones-Roy
Snyder-Kelly,Manage Product,32.83,Small,250,A,61.01,1019,Ball LLC
"Kelly, Smith and Aguilar",Debate Product,19.51,Large,250,A,55.2,1032,James and Sons
Snyder-Kelly,Year Product,22.3,Small,500,A,61.41,1094,Barker PLC
Roy Group,Our Product,15.68,Medium,250,B,72.67,1057,Mccoy-Saunders
Brock Group,Camera Product,88.75,Small,1000,C,53.76,1037,Rodriguez-Becker
Daniels PLC,Bit Product,71.81,Small,250,A,30.06,1003,Anthony-Hurley
Horne LLC,Then Product,82.56,Large,500,A,53.37,1058,Watkins Inc
Bell Ltd,Happy Product,35.42,Small,750,B,73.16,1038,Smith-Hopkins
"Stone, Campbell and Robbins",Most Product,42.71,Large,250,B,58.34,1057,Mccoy-Saunders
"Campbell, Black and Smith",Approach Product,58.99,Medium,1000,B,12.11,1019,Ball LLC
"Sanchez, Miller and Tucker",Charge Product,32.13,Small,1000,A,72.84,1091,"Chen, Peterson and Hawkins"
Thomas LLC,Investment Product,81.23,Large,1000,A,4.45,1021,Harrison PLC
Mccullough Group,Degree Product,65.62,Medium,1000,B,14.13,1045,Banks-King
"Dalton, Sanders and Cantrell",Morning Product,96.5,Large,1000,C,9.26,1041,"Price, Valenzuela and Hammond"
Kim-Gonzalez,Meet Product,60.24,Small,1000,A,7.42,1056,Ramos LLC
Dawson Inc,Expert Product,78.26,Small,500,A,48.55,1095,Oneill and Sons
Lloyd Ltd,Win Product,97.54,Small,750,C,31.97,1034,Stone-Cruz
Rodriguez-Palmer,Pull Product,31.01,Medium,250,C,18.59,1021,Harrison PLC
"Smith, Davis and Lopez",Several Product,76.05,Small,1000,B,75.98,1048,"Glenn, Hopkins and Davis"
"Strickland, Jones and Padilla",Eye Product,42.09,Large,500,A,41.8,1086,Carlson LLC
Salazar-Graves,Everyone Product,39.89,Small,750,A,16.14,1034,Stone-Cruz
Lloyd Ltd,Hit Product,44.92,Medium,500,A,64.79,1044,Mcdaniel PLC
Dawson Inc,Action Product,94.44,Large,500,B,50.69,1072,"Moore, Watts and Nelson"
Obrien-Thompson,Security Product,34.48,Large,750,B,27.96,1031,Watson and Sons
Vasquez-Jackson,Box Product,52.92,Large,750,A,32.94,1044,Mcdaniel PLC
Gates-Pittman,Most Product,28.28,Small,500,A,7.04,1022,Robertson Group
Larson-Lopez,Painting Product,58.75,Small,250,B,12.58,1066,Murray LLC
Obrien-Thompson,Give Product,93.35,Large,250,A,9.4,1073,Kent Ltd
Thomas and Sons,Force Product,20.17,Small,1000,B,70.86,1058,Watkins Inc
"Bailey, Avery and Edwards",Attention Product,25.94,Small,500,A,21.07,1058,Watkins Inc
Thomas and Sons,Eat Product,31.36,Small,500,B,30.32,1070,Scott-Lopez
Davis-Russell,Probably Product,20.6,Medium,250,B,3.92,1075,"Scott, Mcguire and Miller"
Kaiser Group,Sell Product,78.05,Medium,750,A,44.26,1096,"White, Miller and Woods"
"Hancock, Peters and Holmes",Oil Product,38.61,Medium,250,A,28.11,1067,Melendez Group
Johnson Inc,Money Product,37.48,Large,750,A,49.54,1034,Stone-Cruz
Smith Ltd,Television Product,21.3,Large,750,C,44.36,1017,Wheeler-Salinas
Perez-Johnson,Imagine Product,98.76,Large,250,B,41.77,1020,Schwartz-James
"Ruiz, Rodriguez and Lane",Still Product,22.96,Large,750,B,46.92,1003,Anthony-Hurley
"Bradley, Baker and Mcneil",Fine Product,46.65,Small,500,B,12.72,1038,Smith-Hopkins
"Williamson, Fox and Johnson",Resource Product,53.18,Medium,250,B,8.91,1095,Oneill and Sons
Burns and Sons,Girl Product,61.99,Small,1000,C,49.21,1026,Dean-Rios
Hunt-Tucker,Great Product,7.25,Medium,750,B,61.03,1066,Murray LLC
Conrad and Sons,Seat Product,70.48,Small,250,A,44.01,1043,Leach LLC
Phillips Inc,Wall Product,39.61,Large,250,C,10.02,1015,Wilkerson-Lee
Day and Sons,Determine Product,72.32,Large,250,A,72.34,1010,Johnson Ltd
Quinn-Tran,Drug Product,41.6,Large,1000,B,32.47,1039,"Vega, Meyers and Crawford"
Sullivan-Hubbard,Life Product,66.49,Small,750,C,52.03,1032,James and Sons
Vasquez-Jackson,Ball Product,29.53,Medium,500,A,33.15,1094,Barker PLC
Howard Inc,Moment Product,65.38,Large,1000,A,47.23,1059,Benjamin-Murphy
Williams-Mcintosh,Stop Product,47.41,Small,250,C,47.76,1071,Conley-Baldwin
"Ruiz, Rodriguez and Lane",Because Product,41.68,Medium,500,A,17.28,1089,Harrison PLC
"Watkins, James and Page",Such Product,82.15,Small,750,C,16.07,1061,Miles-Vargas
Morales-Knox,Face Product,81.34,Small,250,C,77.68,1063,Clark-Miller
"Osborne, Cox and Evans",Decide Product,86.94,Small,750,A,7.84,1056,Ramos LLC
Obrien-Thompson,Player Product,48.4,Large,1000,A,59.47,1030,"Lin, Hamilton and Cole"
Snyder Ltd,Beyond Product,77.91,Medium,750,B,55.42,1058,Watkins Inc
Rios Group,Somebody Product,6.75,Medium,250,A,41.55,1030,"Lin, Hamilton and Cole"
Williams-White,Resource Product,40.65,Large,1000,A,32.58,1024,"Fernandez, Brown and Lucas"
Walter PLC,Beat Product,75.84,Small,500,C,45.63,1058,Watkins Inc
Rowe-Lewis,Player Product,97.03,Large,1000,A,31.24,1019,Ball LLC
Thomas LLC,This Product,34.58,Medium,500,C,57.74,1016,Norris Group
"Gregory, Fowler and Miller",There Product,40.54,Large,500,C,53.73,1014,Chapman-Welch
Cline Ltd,Or Product,55.37,Medium,500,C,77.52,1089,Harrison PLC
Mason-Logan,Future Product,7.7,Large,1000,C,36.73,1055,Evans Ltd
"Nguyen, Robinson and Mitchell",Business Product,83.29,Medium,500,B,78.09,1079,"Smith, Frye and Edwards"
Garcia-Ramirez,Pay Product,55.24,Medium,1000,C,64.83,1023,Alvarez Ltd
"Fitzpatrick, Davis and Warren",Everybody Product,18.38,Medium,500,A,29.56,1006,Thompson-Cooper
Patterson Inc,Key Product,9.4,Large,500,C,18.25,1008,"Price, Gordon and Rangel"
Johnson Inc,Wait Product,66.03,Medium,500,A,44.81,1039,"Vega, Meyers and Crawford"
"Williams, Turner and Harris",Minute Product,98.67,Large,750,C,49.42,1032,James and Sons
Charles Ltd,Edge Product,94.23,Small,250,B,25.2,1090,Smith Inc
"Martin, Cline and Kramer",Coach Product,96.77,Medium,750,A,43.87,1078,Larson-Cole
Sullivan-Hubbard,Whom Product,48.73,Medium,250,A,33.75,1022,Robertson Group
Long-Bowman,Major Product,56.64,Small,750,C,25.24,1033,Hughes Ltd
Kim-Gonzalez,Region Product,88.69,Large,750,C,45.68,1083,"Soto, Estrada and Martinez"
"Bush, Reyes and Fox",Imagine Product,75.27,Small,750,A,24.88,1033,Hughes Ltd
Brown-Nelson,Down Product,73.62,Small,1000,C,30.51,1089,Harrison PLC
"Hamilton, Rivera and Kelley",Expert Product,69.64,Medium,250,C,49.4,1031,Watson and Sons
"Tucker, Jones and Hart",Seek Product,95.26,Small,1000,C,40.93,1072,"Moore, Watts and Nelson"
Rodriguez-Palmer,Benefit Product,68.61,Medium,750,C,65.49,1077,Taylor-Dickerson
Day and Sons,Work Product,41.19,Small,500,B,4.24,1092,Brown-Smith
"Sanders, Hill and Bryant",Key Product,65.21,Medium,500,B,47.54,1091,"Chen, Peterson and Hawkins"
Wagner Group,Themselves Product,36.7,Medium,500,C,74.95,1037,Rodriguez-Becker
"Campbell, Black and Smith",Air Product,42.38,Large,500,C,36.96,1045,Banks-King
Cook-Johnson,Appear Product,97.06,Medium,750,C,35.08,1014,Chapman-Welch
Mcpherson and Sons,Learn Product,34.62,Large,750,A,67.65,1052,West PLC
Russell and Sons,Your Product,60.22,Medium,750,B,19.41,1080,Brown Inc
Fitzpatrick-Sanders,Current Product,31.96,Large,250,C,37.12,1092,Brown-Smith
"Kemp, Gillespie and Esparza",Major Product,76.86,Medium,750,A,41.15,1027,Moss-Jackson
Lin and Sons,Consider Product,95.05,Medium,250,C,3.59,1031,Watson and Sons
Brown-Mann,Create Product,94.23,Large,1000,C,78.43,1093,Rodriguez Group
Thornton PLC,Key Product,93.53,Medium,1000,C,30.03,1050,Christian Ltd
Wagner Group,Bad Product,88.38,Large,500,B,55.61,1052,West PLC
Grimes Group,Five Product,72.21,Small,750,B,22.87,1066,Murray LLC
Davis-Russell,Water Product,29.25,Large,1000,C,26.35,1076,Crawford-Carter
Phillips Inc,Official Product,17.15,Medium,750,C,54.24,1098,Perez-Snyder
Spencer Group,Child Product,32.86,Large,250,A,68.28,1040,Gregory-Hamilton
Long and Sons,Consumer Product,8.87,Large,250,C,26.01,1055,Evans Ltd
"Horne, Patton and Martin",From Product,90.44,Medium,750,A,58.03,1030,"Lin, Hamilton and Cole"
Knox Group,Where Product,75.39,Large,250,B,8.24,1001,"Hart, Harris and Kent"
Russell and Sons,Physical Product,73.26,Large,1000,C,66.7,1011,Cordova-Leblanc
"Delgado, Green and Wade",They Product,17.65,Medium,500,C,19.42,1040,Gregory-Hamilton
"George, Macdonald and Harper",Recently Product,48.27,Small,500,C,65.8,1090,Smith Inc
Gentry-Gray,Manager Product,57.49,Small,250,A,65.63,1058,Watkins Inc
Reynolds LLC,What Product,45.12,Small,250,C,62.78,1057,Mccoy-Saunders
"Jennings, Davis and Newman",Its Product,73.63,Large,500,C,21.08,1076,Crawford-Carter
Morales-Knox,Table Product,53.04,Medium,250,A,45.13,1072,"Moore, Watts and Nelson"
Mccullough Group,Somebody Product,81.65,Small,250,B,50.83,1042,Jones-Roy
Rogers-Sanchez,Even Product,97.21,Large,250,B,22.25,1018,Rogers Group
Edwards LLC,Clearly Product,74.22,Medium,750,A,13.0,1018,Rogers Group
Davis-Vasquez,Production Product,73.26,Medium,1000,C,57.78,1010,Johnson Ltd
Short-Cook,Structure Product,55.47,Medium,750,A,76.54,1067,Melendez Group
Mcpherson and Sons,Forget Product,73.78,Medium,500,C,46.53,1024,"Fernandez, Brown and Lucas"
"Martin, Cline and Kramer",Own Product,70.21,Large,250,B,21.92,1021,Harrison PLC
Daniels PLC,Onto Product,91.17,Medium,1000,A,40.45,1044,Mcdaniel PLC
Burns and Sons,Weight Product,91.04,Medium,250,C,74.67,1088,"Griffith, Rogers and Jones"
Daniels PLC,Director Product,83.39,Large,500,A,76.49,1012,Williams and Sons
Walker Inc,Parent Product,14.96,Large,1000,A,79.79,1004,"Jacobson, Hansen and Ramirez"
Cline Ltd,Few Product,45.22,Medium,750,A,8.35,1084,"Tucker, Evans and Watts"
Vasquez-Velasquez,Great Product,11.29,Small,750,A,38.81,1094,Barker PLC
Brock Group,Claim Product,69.72,Large,250,B,68.23,1000,"Todd, Schultz and Stewart"
Davis-Russell,Family Product,72.59,Medium,750,C,79.57,1091,"Chen, Peterson and Hawkins"
Wagner Group,Man Product,48.81,Medium,1000,A,76.79,1040,Gregory-Hamilton
"Massey, Lewis and Walter",Room Product,38.54,Small,500,A,23.68,1004,"Jacobson, Hansen and Ramirez"
Knox Group,Seem Product,27.27,Medium,500,A,9.11,1055,Evans Ltd
Horne LLC,Get Product,54.23,Medium,1000,B,60.55,1044,Mcdaniel PLC
Mahoney and Sons,Light Product,38.33,Large,750,C,50.23,1019,Ball LLC
"Turner, Armstrong and Fernandez",Growth Product,57.15,Large,750,B,32.42,1094,Barker PLC
"Bush, Reyes and Fox",Cost Product,73.76,Large,750,A,30.12,1055,Evans Ltd
Sullivan-Choi,Entire Product,18.05,Small,750,B,79.99,1045,Banks-King
Patterson Inc,Green Product,6.47,Medium,250,B,23.83,1040,Gregory-Hamilton
Russell and Sons,Add Product,15.55,Large,750,C,56.51,1092,Brown-Smith
Patterson Inc,Southern Product,93.8,Medium,750,C,67.92,1065,Johnson PLC
"Freeman, Larson and Clark",Life Product,37.96,Small,500,B,73.26,1005,"Williamson, Hardy and Salazar"
Mcpherson and Sons,Network Product,19.76,Medium,250,B,69.04,1074,Warner PLC
"Bailey, Avery and Edwards",Ask Product,55.43,Medium,750,A,63.9,1042,Jones-Roy
Davis-Vasquez,Company Product,63.23,Large,250,C,53.37,1060,Hurley-Torres
Brown-Mann,Pick Product,94.71,Medium,250,B,26.1,1041,"Price, Valenzuela and Hammond"
Price Group,Experience Product,57.95,Medium,750,A,77.89,1069,Hamilton PLC
Day and Sons,Fact Product,57.03,Large,250,C,78.85,1050,Christian Ltd
"Hamilton, Rivera and Kelley",Case Product,18.71,Medium,750,A,62.96,1016,Norris Group
"Herrera, Jackson and Koch",Or Product,43.14,Large,750,A,19.66,1002,"Martinez, Rodriguez and Cain"
"Strickland, Jones and Padilla",Even Product,43.06,Medium,750,A,52.72,1095,Oneill and Sons
"Horne, Patton and Martin",Old Product,58.22,Large,250,A,21.94,1067,Melendez Group
Martinez-Giles,Write Product,26.19,Medium,250,C,14.68,1022,Robertson Group
"Williams, Schultz and Black",Father Product,85.91,Large,250,B,57.4,1027,Moss-Jackson
Archer Group,South Product,6.45,Medium,250,A,79.6,1057,Mccoy-Saunders
"Harris, Clark and Matthews",Rate Product,32.81,Small,250,A,57.06,1035,Riggs-Ramirez
"Harris, Clark and Matthews",Perform Product,25.65,Large,500,C,25.11,1069,Hamilton PLC
Young-Shaw,Bed Product,70.51,Medium,1000,A,65.1,1008,"Price, Gordon and Rangel"
Snyder-Kelly,Again Product,80.19,Medium,750,C,15.99,1015,Wilkerson-Lee
Long-Bowman,Agent Product,8.88,Medium,250,C,20.4,1087,Bryant-Thompson
Mitchell-Watson,Better Product,38.16,Small,500,C,37.95,1074,Warner PLC
Johnson-Bowman,Business Product,99.1,Large,1000,C,49.26,1078,Larson-Cole
Horne LLC,Officer Product,94.99,Medium,500,B,33.01,1096,"White, Miller and Woods"
"Atkinson, Osborn and Hamilton",Responsibility Product,68.27,Small,250,B,43.98,1045,Banks-King
Rowe-Lewis,Both Product,65.61,Small,250,B,46.39,1051,"Galloway, Mason and White"
Sullivan-Choi,Door Product,16.48,Small,500,B,31.8,1020,Schwartz-James
Brown-Nelson,Worker Product,67.56,Medium,1000,C,37.23,1077,Taylor-Dickerson
James and Sons,Leg Product,65.83,Small,250,A,58.5,1041,"Price, Valenzuela and Hammond"
Quinn-Tran,Whether Product,29.99,Large,250,C,77.56,1039,"Vega, Meyers and Crawford"
Salazar-Graves,Decade Product,29.28,Medium,250,A,73.28,1097,"Garrett, Randall and Miller"
"Williamson, Holden and Sims",Better Product,90.49,Large,250,B,63.89,1034,Stone-Cruz
Williams-White,Area Product,17.7,Medium,500,C,37.7,1047,Ramirez Inc
Brown-Nelson,Though Product,63.68,Small,500,C,52.15,1085,"Hopkins, Robinson and Johnson"
Mason-Logan,Compare Product,7.88,Medium,500,B,29.3,1039,"Vega, Meyers and Crawford"
Day and Sons,Defense Product,9.13,Medium,1000,C,68.85,1007,Gill-Jones
"Phelps, Thompson and Chandler",Say Product,70.76,Medium,250,C,64.87,1066,Murray LLC
"Miller, Wilkins and Williams",Remember Product,82.77,Large,500,A,23.54,1037,Rodriguez-Becker
"Neal, Frey and Ferguson",Own Product,9.73,Small,1000,B,51.5,1019,Ball LLC
"Phelps, Thompson and Chandler",Eye Product,71.62,Medium,250,C,74.35,1053,Harper PLC
Larson-Lopez,Kitchen Product,60.86,Medium,1000,C,43.76,1027,Moss-Jackson
Thomas and Sons,Year Product,61.72,Medium,1000,A,48.15,1060,Hurley-Torres
"Atkinson, Osborn and Hamilton",Home Product,72.68,Medium,500,A,42.71,1059,Benjamin-Murphy
Rowe-Lewis,Hit Product,18.24,Medium,1000,C,45.28,1070,Scott-Lopez
"George, Macdonald and Harper",Thousand Product,90.35,Medium,750,A,15.03,1040,Gregory-Hamilton
Gentry-Gray,Expect Product,45.71,Medium,750,A,67.42,1087,Bryant-Thompson
"Hernandez, Davis and Williams",Career Product,74.87,Large,250,C,77.22,1016,Norris Group
"Barnes, Pineda and Montgomery",White Product,84.28,Large,250,C,46.25,1056,Ramos LLC
"Powell, Mcdaniel and Thomas",Contain Product,98.0,Small,750,B,29.84,1023,Alvarez Ltd
James and Sons,Impact Product,85.46,Large,750,A,19.27,1014,Chapman-Welch
Patterson-Mcmahon,Concern Product,77.08,Large,250,A,70.65,1012,Williams and Sons
Rowe-Lewis,House Product,9.47,Medium,1000,C,73.37,1025,Larson LLC
Hunt-Tucker,Up Product,67.12,Large,750,A,63.09,1008,"Price, Gordon and Rangel"
Rios Group,Clear Product,72.25,Small,750,C,10.76,1069,Hamilton PLC
"Williamson, Holden and Sims",Enough Product,30.42,Small,250,C,17.82,1094,Barker PLC
Davis-Vasquez,Dream Product,92.28,Small,250,B,19.54,1034,Stone-Cruz
Bass and Sons,Box Product,49.0,Large,1000,C,60.0,1095,Oneill and Sons
Thomas LLC,Without Product,17.74,Small,500,C,20.65,1027,Moss-Jackson
Davis-Russell,Truth Product,89.36,Small,500,B,46.46,1054,Torres-Lyons
Gentry-Gray,Nearly Product,76.72,Small,500,C,53.17,1062,Gutierrez PLC
Short-Cook,Also Product,79.48,Medium,750,C,71.5,1013,Leonard-White
Lin and Sons,Offer Product,50.99,Large,1000,C,24.54,1048,"Glenn, Hopkins and Davis"
Combs Group,His Product,50.85,Small,500,A,55.56,1055,Evans Ltd
Rowe-Lewis,Economy Product,56.87,Small,750,B,57.11,1068,"Martin, Ramsey and Clark"
Conrad and Sons,Week Product,26.06,Medium,500,A,22.77,1049,White Group
"Walker, Zimmerman and Williams",Rise Product,80.15,Small,500,A,58.87,1054,Torres-Lyons
Thornton PLC,Movie Product,59.83,Small,750,A,47.2,1090,Smith Inc
Dunlap Ltd,From Product,5.13,Medium,750,B,29.26,1045,Banks-King
Michael-Jefferson,Time Product,53.78,Medium,1000,B,68.38,1009,Phelps-Hawkins
"Kent, Arias and Smith",Quickly Product,25.35,Small,250,C,76.09,1068,"Martin, Ramsey and Clark"
"Ruiz, Rodriguez and Lane",With Product,41.75,Small,750,A,60.31,1025,Larson LLC
Reeves-Hall,Discover Product,84.32,Small,750,C,67.58,1024,"Fernandez, Brown and Lucas"
"Walker, Zimmerman and Williams",Fall Product,86.86,Large,500,B,75.28,1006,Thompson-Cooper
Sullivan-Choi,Citizen Product,64.09,Medium,1000,B,74.79,1020,Schwartz-James
Ross LLC,There Product,13.61,Small,250,A,76.56,1037,Rodriguez-Becker
"Jones, Martinez and Taylor",Answer Product,28.75,Medium,500,C,59.63,1028,Cannon Ltd
Edwards LLC,Head Product,44.83,Large,500,B,76.22,1083,"Soto, Estrada and Martinez"
Mercado-Jacobson,Theory Product,96.12,Medium,1000,B,9.71,1029,Morales Ltd
Hinton LLC,Window Product,55.62,Large,750,C,23.62,1081,Robinson-Yates
Bailey PLC,Even Product,46.2,Small,250,A,66.58,1017,Wheeler-Salinas
Patterson-Mcmahon,Because Product,24.8,Large,500,A,17.2,1076,Crawford-Carter
Pittman-Lucas,Within Product,6.98,Large,1000,C,66.79,1071,Conley-Baldwin
Horne LLC,Foot Product,33.82,Medium,1000,C,79.75,1000,"Todd, Schultz and Stewart"
"Lucas, Johnson and Alvarez",Avoid Product,58.13,Medium,250,B,28.46,1052,West PLC
Woods-Brady,Eat Product,7.43,Medium,250,B,50.38,1016,Norris Group
"Kent, Arias and Smith",Sort Product,62.51,Large,500,A,23.22,1052,West PLC
Salazar-Graves,News Product,60.64,Medium,750,C,27.18,1071,Conley-Baldwin
Davis-Reyes,Hundred Product,14.84,Large,500,C,7.63,1084,"Tucker, Evans and Watts"
Young-Shaw,Quickly Product,58.17,Large,1000,C,51.67,1059,Benjamin-Murphy
"Williamson, Holden and Sims",Design Product,95.77,Small,500,C,61.85,1015,Wilkerson-Lee
Garner and Sons,Scene Product,95.12,Small,750,C,14.19,1015,Wilkerson-Lee
Salazar-Graves,Type Product,13.15,Small,1000,A,76.59,1067,Melendez Group
Charles Ltd,Pm Product,7.77,Small,250,A,19.13,1090,Smith Inc
Hinton LLC,Perform Product,60.9,Small,1000,A,34.06,1055,Evans Ltd
Davis-Vasquez,Current Product,34.4,Small,250,C,40.38,1052,West PLC
Reeves-Hall,With Product,42.78,Small,1000,C,20.94,1076,Crawford-Carter
Patterson Inc,Protect Product,46.52,Medium,750,C,6.2,1040,Gregory-Hamilton
Brown-Mann,Affect Product,9.56,Small,500,A,27.8,1047,Ramirez Inc
Howard Inc,Forget Product,5.25,Small,1000,A,68.87,1011,Cordova-Leblanc
Snyder-Kelly,Institution Product,53.07,Large,750,C,32.96,1082,Smith PLC
Roberts and Sons,Talk Product,36.89,Small,500,B,49.05,1039,"Vega, Meyers and Crawford"
Howard Inc,Firm Product,35.21,Medium,500,A,19.15,1031,Watson and Sons
"West, Reed and Berry",From Product,68.74,Small,250,B,79.25,1031,Watson and Sons
Kaiser Group,Effect Product,57.76,Small,250,A,25.72,1024,"Fernandez, Brown and Lucas"
"Cannon, Reynolds and Alvarado",Evening Product,7.91,Medium,500,C,4.98,1018,Rogers Group
Hansen Inc,Learn Product,67.77,Medium,250,B,19.97,1081,Robinson-Yates
Thomas and Sons,Receive Product,95.16,Small,500,C,48.1,1002,"Martinez, Rodriguez and Cain"
Salazar-Graves,Face Product,76.82,Large,1000,B,4.8,1016,Norris Group
Perez-Johnson,Expect Product,40.96,Small,1000,C,40.2,1015,Wilkerson-Lee
Dunlap Ltd,Arm Product,54.56,Medium,250,A,6.42,1045,Banks-King
Gomez-Moran,Occur Product,47.97,Small,500,C,55.8,1010,Johnson Ltd
Day and Sons,Attack Product,17.07,Large,1000,C,11.25,1027,Moss-Jackson
Howard Inc,Tonight Product,78.08,Large,250,A,61.7,1039,"Vega, Meyers and Crawford"
Hansen Inc,Beyond Product,71.68,Medium,250,A,38.21,1061,Miles-Vargas
"Campbell, Black and Smith",Modern Product,88.2,Small,500,B,18.41,1071,Conley-Baldwin
"Martin, Cline and Kramer",Entire Product,57.14,Large,750,C,70.43,1019,Ball LLC
Rowe-Lewis,Life Product,81.69,Large,500,C,22.45,1089,Harrison PLC
Mason-Logan,Sister Product,12.1,Small,1000,A,24.61,1074,Warner PLC
Snyder Ltd,Garden Product,59.64,Small,750,A,52.64,1070,Scott-Lopez
Rowe-Lewis,Account Product,72.75,Small,1000,C,62.13,1050,Christian Ltd
Mitchell LLC,Its Product,68.04,Large,500,A,6.57,1009,Phelps-Hawkins
James and Sons,Strong Product,94.62,Large,1000,B,67.99,1048,"Glenn, Hopkins and Davis"
"Navarro, Parker and Garcia",Sing Product,10.66,Large,750,B,33.04,1022,Robertson Group
"Ruiz, Rodriguez and Lane",Mouth Product,27.94,Medium,1000,A,69.89,1098,Perez-Snyder
Williams-Mcintosh,Over Product,69.84,Small,1000,C,52.03,1062,Gutierrez PLC
Sanchez Group,Ability Product,47.21,Medium,500,A,36.23,1086,Carlson LLC
"Atkinson, Osborn and Hamilton",Shoulder Product,70.94,Large,250,B,39.01,1012,Williams and Sons
Walter PLC,Decade Product,41.16,Small,500,C,20.48,1044,Mcdaniel PLC
"Strickland, Jones and Padilla",Them Product,70.81,Large,750,A,73.18,1086,Carlson LLC
"Walker, Zimmerman and Williams",Our Product,98.51,Medium,1000,B,26.63,1094,Barker PLC
Wagner Group,Economic Product,48.07,Medium,750,A,77.4,1034,Stone-Cruz
Hinton LLC,Go Product,26.02,Small,1000,B,32.78,1059,Benjamin-Murphy
Rogers and Sons,Sure Product,30.6,Small,500,C,8.52,1038,Smith-Hopkins
"Briggs, Morris and Weber",This Product,55.3,Large,250,C,21.49,1045,Banks-King
Roberts and Sons,Fast Product,46.12,Large,750,C,21.6,1048,"Glenn, Hopkins and Davis"
Reynolds LLC,Only Product,25.79,Small,500,A,64.44,1059,Benjamin-Murphy
Woods-Brady,Bed Product,50.79,Medium,1000,C,37.78,1091,"Chen, Peterson and Hawkins"
Osborne-Brown,Couple Product,57.16,Large,250,A,27.7,1090,Smith Inc
"Bradley, Baker and Mcneil",Stand Product,27.81,Medium,500,C,49.23,1022,Robertson Group
"Cannon, Reynolds and Alvarado",Fish Product,54.94,Medium,750,C,33.79,1006,Thompson-Cooper
Chapman-Marsh,Quickly Product,15.0,Medium,750,B,4.25,1014,Chapman-Welch
Howard Inc,Tough Product,96.77,Small,250,C,57.94,1011,Cordova-Leblanc
Long-Bowman,Now Product,55.17,Large,1000,A,78.36,1093,Rodriguez Group
Sawyer-Lane,Citizen Product,86.67,Medium,750,B,24.13,1057,Mccoy-Saunders
Cook-Johnson,Trial Product,46.51,Large,750,B,76.6,1057,Mccoy-Saunders
"Massey, Lewis and Walter",Chance Product,47.14,Small,1000,A,42.43,1029,Morales Ltd
Rios Group,Hot Product,53.1,Large,1000,C,30.84,1044,Mcdaniel PLC
Spencer Group,Discover Product,86.58,Small,250,B,51.96,1057,Mccoy-Saunders
Sawyer-Lane,Store Product,94.28,Small,750,A,53.59,1036,"Gonzalez, Johnston and Price"
"Turner, Armstrong and Fernandez",Whom Product,36.97,Medium,1000,C,55.4,1001,"Hart, Harris and Kent"
Hunt-Tucker,Wall Product,83.57,Large,500,C,64.88,1065,Johnson PLC
Reynolds LLC,Who Product,21.02,Large,750,B,43.15,1053,Harper PLC
"Williamson, Holden and Sims",Full Product,46.09,Medium,1000,C,62.0,1022,Robertson Group
"Vasquez, Morris and Ramos",Notice Product,72.64,Small,1000,B,26.15,1038,Smith-Hopkins
Sanchez Group,Visit Product,42.12,Large,1000,A,7.32,1021,Harrison PLC
Mitchell-Lopez,Risk Product,70.89,Small,750,B,39.6,1058,Watkins Inc
Larson-Lopez,Minute Product,68.68,Large,1000,C,79.48,1004,"Jacobson, Hansen and Ramirez"
"Phelps, Thompson and Chandler",Ask Product,37.17,Small,250,A,43.33,1021,Harrison PLC
Williamson Group,Cultural Product,25.99,Medium,1000,C,66.6,1072,"Moore, Watts and Nelson"
Garcia-Ramirez,Expert Product,80.29,Medium,250,B,67.52,1069,Hamilton PLC
Bennett-Collins,Car Product,67.35,Medium,250,C,27.42,1047,Ramirez Inc
Young-Shaw,Born Product,69.41,Small,250,B,71.79,1024,"Fernandez, Brown and Lucas"
Williamson Group,Process Product,95.4,Large,1000,A,37.39,1019,Ball LLC
"Ruiz, Rodriguez and Lane",Second Product,36.07,Small,250,B,35.21,1073,Kent Ltd
Perez-Johnson,Agreement Product,40.34,Medium,500,A,16.42,1042,Jones-Roy
"Walker, Zimmerman and Williams",Wall Product,18.46,Medium,1000,A,78.57,1060,Hurley-Torres
"Garza, Perkins and Clark",Reveal Product,86.19,Medium,1000,A,40.24,1036,"Gonzalez, Johnston and Price"
"Osborne, Cox and Evans",Knowledge Product,35.99,Small,750,C,4.04,1024,"Fernandez, Brown and Lucas"
"George, Macdonald and Harper",Situation Product,24.19,Small,1000,C,68.97,1062,Gutierrez PLC
Austin PLC,Us Product,86.41,Large,1000,B,66.34,1037,Rodriguez-Becker
"Atkinson, Osborn and Hamilton",Throughout Product,92.13,Medium,250,C,44.55,1095,Oneill and Sons
"Watkins, James and Page",Same Product,64.05,Medium,500,A,60.67,1006,Thompson-Cooper
Lin and Sons,Close Product,34.61,Large,500,A,21.09,1077,Taylor-Dickerson
Gates-Pittman,Bad Product,21.46,Large,1000,A,26.04,1026,Dean-Rios
"Stevens, Miller and Phillips",Majority Product,70.37,Medium,1000,A,48.45,1075,"Scott, Mcguire and Miller"
"Smith, Davis and Wright",Instead Product,52.47,Large,750,B,75.49,1019,Ball LLC
"Miller, Garcia and Wilson",Team Product,19.3,Medium,250,B,60.84,1028,Cannon Ltd
Williams-White,Letter Product,38.25,Large,1000,A,38.19,1007,Gill-Jones
Gomez LLC,Year Product,10.35,Small,750,C,42.29,1097,"Garrett, Randall and Miller"
Patterson-Mcmahon,Thank Product,31.93,Large,500,B,60.28,1028,Cannon Ltd
Conrad and Sons,Rule Product,79.2,Medium,500,B,19.24,1001,"Hart, Harris and Kent"
Gomez-Moran,Rise Product,33.29,Medium,750,C,25.67,1060,Hurley-Torres
Osborne-Brown,Some Product,86.63,Medium,750,A,26.5,1096,"White, Miller and Woods"
Barrett-Roth,Cover Product,47.43,Large,500,A,43.34,1031,Watson and Sons
"Bradley, Baker and Mcneil",Parent Product,73.08,Medium,750,B,61.73,1007,Gill-Jones
Price Group,Type Product,13.05,Small,250,C,33.43,1056,Ramos LLC
Sullivan-Choi,Away Product,40.36,Medium,500,A,14.11,1056,Ramos LLC
Osborne-Brown,Whether Product,47.17,Large,750,B,60.12,1046,"Hale, Dickerson and Ford"
Brock Group,Benefit Product,81.69,Large,750,C,20.97,1075,"Scott, Mcguire and Miller"
Rowe-Lewis,Leg Product,25.84,Large,1000,C,43.12,1010,Johnson Ltd
Roy Group,Fall Product,24.86,Large,1000,B,46.74,1011,Cordova-Leblanc
West-Hernandez,Cup Product,97.48,Medium,750,A,61.1,1050,Christian Ltd
"Strickland, Jones and Padilla",Make Product,44.39,Large,500,C,26.54,1066,Murray LLC
Davis-Reyes,Spend Product,16.28,Large,500,B,3.07,1075,"Scott, Mcguire and Miller"
"Hernandez, Morrison and Villanueva",Simply Product,28.18,Large,1000,A,63.27,1044,Mcdaniel PLC
Davis-Vasquez,Although Product,46.97,Medium,1000,C,12.56,1098,Perez-Snyder
Mitchell-Watson,Others Product,44.77,Small,500,B,52.88,1022,Robertson Group
Knox Group,Woman Product,78.57,Medium,250,A,20.87,1021,Harrison PLC
Day and Sons,Particularly Product,53.4,Small,500,B,25.08,1001,"Hart, Harris and Kent"
"Hernandez, Davis and Williams",Least Product,55.22,Medium,250,C,51.52,1093,Rodriguez Group
Knapp-Wolf,Doctor Product,29.85,Medium,500,C,10.47,1036,"Gonzalez, Johnston and Price"
Williams-White,Technology Product,95.62,Medium,500,C,11.26,1033,Hughes Ltd
Austin PLC,Mind Product,77.54,Medium,250,C,44.03,1036,"Gonzalez, Johnston and Price"
Estrada Inc,Include Product,81.6,Medium,1000,A,61.63,1055,Evans Ltd
"Nguyen, Robinson and Mitchell",Single Product,90.69,Small,500,A,78.13,1007,Gill-Jones
Brennan Group,Seek Product,5.18,Small,500,A,57.14,1069,Hamilton PLC
Burns and Sons,Minute Product,8.85,Small,750,A,79.47,1069,Hamilton PLC
"Turner, Armstrong and Fernandez",Like Product,10.08,Medium,1000,A,48.25,1072,"Moore, Watts and Nelson"
Hopkins Ltd,Alone Product,60.2,Medium,1000,C,13.09,1019,Ball LLC
"Williams, Schultz and Black",I Product,92.3,Small,1000,B,72.84,1071,Conley-Baldwin
Thomas LLC,Traditional Product,20.09,Medium,500,A,26.31,1064,"Gonzalez, Matthews and Zimmerman"
Hunt-Tucker,Ok Product,5.13,Small,750,C,67.33,1022,Robertson Group
Russell and Sons,Level Product,48.06,Large,1000,C,73.04,1030,"Lin, Hamilton and Cole"
"Dunn, Martinez and Brandt",Full Product,57.9,Medium,750,B,40.88,1049,White Group
"Miller, Wilkins and Williams",Billion Product,96.98,Medium,750,C,44.1,1073,Kent Ltd
Brennan Group,Who Product,30.48,Medium,500,C,57.44,1000,"Todd, Schultz and Stewart"
Brown Inc,Benefit Product,85.69,Large,1000,B,71.45,1003,Anthony-Hurley
Bailey PLC,Air Product,34.06,Small,250,C,71.44,1092,Brown-Smith
Mason-Logan,Argue Product,93.72,Small,500,C,43.4,1038,Smith-Hopkins
"Dalton, Sanders and Cantrell",Month Product,9.11,Small,250,B,4.84,1057,Mccoy-Saunders
Barrett-Roth,Peace Product,32.36,Medium,750,C,8.54,1048,"Glenn, Hopkins and Davis"
Bell Ltd,Movement Product,73.51,Small,1000,A,68.36,1032,James and Sons
Williams Inc,Find Product,58.47,Large,1000,B,48.17,1060,Hurley-Torres
"Miller, Garcia and Wilson",Late Product,13.6,Medium,250,C,70.8,1072,"Moore, Watts and Nelson"
Mitchell-Watson,Citizen Product,53.26,Small,250,A,37.28,1075,"Scott, Mcguire and Miller"
Vasquez-Velasquez,Bill Product,88.52,Medium,750,B,46.42,1067,Melendez Group
"Dalton, Sanders and Cantrell",Article Product,11.67,Medium,500,C,63.01,1030,"Lin, Hamilton and Cole"
Mercado-Jacobson,Upon Product,99.95,Medium,250,C,76.14,1078,Larson-Cole
"Bradley, Baker and Mcneil",Political Product,19.54,Large,500,B,79.99,1059,Benjamin-Murphy
Sullivan-Choi,Despite Product,81.6,Large,1000,C,49.42,1059,Benjamin-Murphy
Obrien-Thompson,Discussion Product,40.93,Medium,750,B,48.15,1095,Oneill and Sons
"Massey, Lewis and Walter",Bit Product,13.88,Medium,250,B,27.02,1073,Kent Ltd
"Lucas, Johnson and Alvarez",Rich Product,19.43,Medium,250,C,18.86,1025,Larson LLC
Vasquez-Velasquez,Reveal Product,23.06,Large,1000,B,65.57,1054,Torres-Lyons
Charles Ltd,Growth Product,13.23,Large,500,B,42.01,1023,Alvarez Ltd
Kaiser Group,Build Product,75.64,Small,750,C,35.57,1032,James and Sons
"Williams, Schultz and Black",Scientist Product,12.82,Small,750,A,72.7,1016,Norris Group
"Vasquez, Morris and Ramos",Anything Product,41.88,Small,750,B,66.19,1003,Anthony-Hurley
Chapman-Marsh,Light Product,8.8,Small,1000,B,22.36,1009,Phelps-Hawkins
Garner and Sons,Try Product,95.37,Medium,250,C,35.71,1041,"Price, Valenzuela and Hammond"
"Hancock, Peters and Holmes",Unit Product,54.75,Small,1000,A,22.51,1061,Miles-Vargas
Davis-Russell,Current Product,17.78,Medium,250,B,32.28,1080,Brown Inc
Martinez-Giles,Threat Product,15.06,Small,500,B,76.25,1066,Murray LLC
"Navarro, Parker and Garcia",Mean Product,33.8,Small,1000,B,22.54,1032,James and Sons
Mitchell LLC,Send Product,23.21,Small,500,A,34.37,1066,Murray LLC
Kim-Gonzalez,Long Product,26.06,Large,1000,B,70.4,1053,Harper PLC
"Vasquez, Morris and Ramos",Watch Product,46.37,Medium,500,B,19.74,1065,Johnson PLC
Gomez LLC,Environment Product,38.76,Large,750,C,66.92,1078,Larson-Cole
Sanchez Group,Organization Product,99.63,Small,250,B,71.97,1027,Moss-Jackson
Woods-Brady,Artist Product,38.27,Large,500,B,13.96,1088,"Griffith, Rogers and Jones"
Rogers-Sanchez,Range Product,59.73,Large,1000,C,7.66,1023,Alvarez Ltd
Hinton LLC,Example Product,96.29,Large,750,A,70.29,1005,"Williamson, Hardy and Salazar"
"Kelly, Smith and Aguilar",Similar Product,94.55,Medium,1000,A,79.34,1085,"Hopkins, Robinson and Johnson"
Pittman-Lucas,Skill Product,44.73,Large,250,C,40.07,1086,Carlson LLC
Hinton LLC,Network Product,10.86,Large,500,B,11.79,1088,"Griffith, Rogers and Jones"
Mitchell-Watson,Where Product,20.35,Large,500,B,19.46,1095,Oneill and Sons
Hopkins Ltd,Physical Product,11.63,Small,250,B,23.94,1027,Moss-Jackson
Brown-Marshall,North Product,58.38,Medium,750,B,61.34,1089,Harrison PLC
Bennett-Collins,American Product,39.8,Small,250,A,25.94,1042,Jones-Roy
Esparza-Boyd,Front Product,14.49,Medium,1000,B,26.18,1053,Harper PLC
"Ruiz, Rodriguez and Lane",Memory Product,27.97,Medium,1000,B,75.75,1080,Brown Inc
Lloyd Ltd,Medical Product,25.51,Large,750,C,10.4,1035,Riggs-Ramirez
Mcpherson and Sons,You Product,36.64,Medium,1000,B,79.33,1017,Wheeler-Salinas
"Williams, Schultz and Black",Phone Product,47.17,Large,250,C,66.32,1003,Anthony-Hurley
Gates-Pittman,Member Product,70.01,Large,500,B,5.85,1062,Gutierrez PLC
"Delgado, Green and Wade",Amount Product,32.17,Small,250,C,24.93,1073,Kent Ltd
Russell and Sons,Job Product,70.79,Small,750,C,67.4,1053,Harper PLC
Zamora Ltd,Actually Product,43.07,Small,1000,B,40.69,1035,Riggs-Ramirez
